ZIP,colleges
,0
601,3
602,2
603,2
612,6
623,1
637,2
638,1
641,1
646,1
650,1
653,1
662,2
664,3
667,1
674,4
680,10
683,1
685,4
687,1
692,2
693,1
698,2
705,1
714,1
716,1
717,4
725,15
728,1
729,1
730,9
736,1
738,7
751,1
754,1
757,1
767,1
769,1
773,1
777,1
784,3
791,5
795,1
901,5
907,5
909,5
912,1
915,4
917,8
918,11
920,8
921,5
923,4
924,2
925,10
926,10
927,1
949,7
953,1
956,3
957,2
959,5
961,11
962,1
966,2
968,1
969,4
976,5
982,1
985,5
1002,3
1003,1
1013,3
1040,1
1060,2
1063,1
1075,3
1085,1
1104,1
1105,3
1106,1
1108,1
1109,3
1119,1
1201,3
1230,3
1238,1
1247,2
1267,2
1301,4
1331,1
1364,1
1379,1
1420,4
1434,1
1440,1
1453,1
1523,2
1524,1
1536,1
1543,1
1545,1
1566,1
1571,1
1581,1
1602,2
1603,1
1605,2
1606,4
1608,1
1609,4
1610,3
1612,2
1701,1
1702,5
1721,1
1730,1
1731,1
1742,2
1752,1
1772,2
1776,1
1801,2
1803,2
1810,1
1830,2
1833,1
1835,1
1844,1
1845,1
1852,3
1854,5
1867,1
1880,1
1905,2
1906,1
1908,1
1915,6
1923,1
1960,1
1970,2
1982,1
1984,1
2021,3
2026,2
2038,3
2067,2
2108,2
2109,2
2110,1
2111,3
2115,15
2116,7
2118,2
2120,3
2121,1
2122,1
2124,2
2125,1
2127,1
2128,2
2129,3
2130,3
2132,1
2135,2
2138,30
2139,3
2141,1
2142,2
2148,2
2150,1
2155,3
2169,4
2170,1
2171,1
2184,3
2186,2
2188,1
2215,7
2302,3
2324,1
2343,1
2346,1
2357,1
2360,1
2375,2
2379,1
2420,2
2445,2
2446,5
2452,2
2453,1
2458,4
2459,2
2465,1
2466,1
2467,2
2472,1
2478,1
2481,2
2482,1
2492,1
2493,2
2494,1
2540,3
2554,1
2563,1
2571,1
2645,2
2664,1
2668,1
2703,2
2721,1
2740,3
2745,1
2747,2
2763,1
2766,3
2809,1
2817,1
2818,1
2840,2
2841,1
2842,1
2852,1
2865,1
2881,2
2886,3
2889,1
2903,5
2905,2
2906,5
2908,4
2909,1
2910,1
2911,1
2912,1
2914,1
2917,1
2918,1
2919,1
2920,1
3038,2
3045,1
3052,1
3060,1
3063,4
3076,1
3079,1
3087,1
3101,6
3102,1
3103,3
3104,2
3220,1
3242,4
3244,1
3246,2
3257,1
3264,1
3278,1
3301,6
3431,4
3461,1
3561,1
3570,1
3743,2
3755,5
3766,3
3784,2
3801,4
3824,4
3833,3
3860,2
3867,1
3904,1
4005,1
4011,2
4038,2
4039,1
4042,1
4043,1
4062,1
4068,1
4074,1
4083,1
4084,1
4085,1
4086,1
4092,1
4101,1
4102,2
4103,5
4105,1
4106,4
4210,2
4240,6
4254,1
4257,1
4268,1
4270,1
4280,2
4330,3
4345,1
4401,4
4426,1
4427,1
4457,1
4468,1
4473,3
4530,4
4538,1
4605,2
4609,1
4619,1
4631,1
4654,2
4730,1
4736,2
4756,1
4769,3
4785,1
4841,1
4901,3
4915,2
4937,1
4938,8
4976,1
5001,2
5061,1
5068,1
5156,2
5201,2
5257,1
5301,3
5346,1
5363,1
5401,6
5404,1
5443,1
5446,3
5478,1
5602,1
5641,2
5676,1
5701,4
5735,1
5751,1
5753,2
5819,1
5855,1
6002,1
6010,1
6032,4
6037,1
6040,1
6051,2
6053,2
6062,1
6066,1
6078,2
6082,2
6096,1
6098,2
6103,1
6105,7
6106,1
6109,1
6112,3
6117,1
6118,1
6226,2
6239,4
6242,1
6269,1
6320,5
6340,2
6360,2
6379,1
6405,1
6410,1
6416,1
6419,1
6450,1
6457,4
6459,1
6468,1
6475,1
6477,1
6484,1
6489,3
6492,1
6510,10
6511,23
6512,2
6514,7
6516,2
6518,2
6519,2
6604,3
6606,1
6610,1
6702,1
6705,1
6708,3
6759,1
6790,1
6807,1
6810,5
6811,1
6824,1
6825,1
6830,2
6851,1
6854,3
6880,1
6902,3
6907,2
7001,1
7002,3
7003,3
7004,2
7006,5
7008,2
7009,2
7011,6
7013,1
7014,3
7016,3
7017,1
7018,1
7020,1
7024,2
7026,2
7029,1
7030,5
7031,1
7036,2
7039,2
7040,3
7041,1
7042,2
7043,1
7044,1
7047,4
7050,3
7052,7
7054,3
7055,4
7060,4
7067,5
7070,1
7071,1
7073,1
7079,4
7080,2
7083,3
7087,3
7090,2
7093,6
7094,1
7095,2
7102,14
7103,10
7110,2
7111,1
7114,1
7201,6
7208,1
7302,3
7304,3
7305,3
7306,12
7307,2
7310,2
7405,2
7407,1
7410,2
7417,1
7420,1
7421,1
7424,4
7430,4
7432,1
7436,2
7440,1
7446,2
7450,2
7456,1
7458,1
7463,1
7470,5
7480,1
7481,2
7503,1
7504,1
7505,3
7506,1
7508,3
7514,1
7601,4
7604,1
7605,1
7607,1
7624,1
7631,1
7632,1
7640,1
7642,1
7644,1
7647,1
7650,2
7652,4
7660,2
7666,2
7670,2
7675,2
7701,3
7712,1
7719,1
7724,4
7726,3
7728,1
7730,1
7731,2
7735,1
7738,3
7740,2
7753,2
7764,1
7834,3
7840,2
7869,2
7874,1
7876,2
7882,2
7901,2
7920,1
7928,1
7932,4
7936,1
7940,1
7945,2
7960,4
8002,6
8003,4
8005,3
8009,1
8012,5
8016,1
8021,4
8028,2
8030,1
8034,1
8037,1
8043,2
8046,1
8050,1
8054,3
8055,4
8057,2
8060,2
8068,2
8080,1
8083,1
8084,2
8085,1
8088,1
8091,1
8094,1
8096,2
8102,8
8103,5
8105,1
8106,1
8107,1
8108,1
8109,2
8110,1
8202,1
8205,3
8221,2
8225,2
8232,1
8234,3
8241,1
8244,1
8302,3
8318,1
8322,2
8330,1
8332,1
8361,1
8501,2
8502,1
8505,1
8520,2
8525,1
8533,1
8534,2
8540,19
8542,5
8550,3
8558,1
8608,3
8611,1
8618,2
8619,2
8638,1
8641,1
8648,3
8690,1
8701,17
8723,1
8753,3
8755,2
8801,1
8805,1
8807,6
8816,3
8817,2
8820,1
8822,1
8830,1
8831,1
8837,3
8840,2
8844,1
8846,1
8850,1
8854,9
8861,3
8863,1
8865,2
8869,1
8873,2
8876,2
8886,1
8901,12
8902,2
8904,1
10001,10
10002,4
10003,32
10004,2
10005,2
10007,4
10009,2
10010,7
10011,9
10012,12
10013,13
10014,1
10016,15
10017,8
10018,10
10019,6
10020,1
10021,13
10022,5
10023,7
10024,1
10025,4
10027,15
10028,3
10029,2
10030,1
10031,1
10032,2
10033,6
10034,2
10035,2
10036,7
10038,2
10044,1
10128,3
10301,5
10303,1
10304,3
10305,1
10310,1
10312,1
10314,6
10451,7
10452,2
10453,1
10456,1
10458,4
10461,6
10462,2
10463,1
10465,1
10467,1
10468,4
10471,2
10522,1
10528,1
10532,2
10549,1
10550,1
10562,3
10566,1
10573,1
10577,3
10589,1
10591,1
10595,2
10598,1
10601,3
10603,3
10604,2
10606,2
10701,1
10705,1
10707,1
10708,4
10710,1
10801,3
10804,1
10805,1
10901,2
10940,3
10950,2
10952,6
10954,3
10960,2
10962,2
10964,1
10977,4
10984,1
10989,1
10996,2
11003,1
11020,1
11021,4
11023,1
11024,3
11030,2
11050,1
11101,2
11201,18
11204,4
11205,4
11206,1
11207,2
11208,1
11210,2
11211,3
11212,1
11213,6
11214,2
11216,2
11217,1
11218,1
11219,10
11220,4
11223,1
11224,2
11225,5
11226,1
11229,3
11230,7
11232,1
11233,2
11234,1
11235,2
11236,2
11238,1
11239,1
11354,2
11361,1
11364,1
11367,3
11374,1
11375,2
11385,1
11416,1
11432,1
11433,3
11510,1
11516,3
11530,3
11545,2
11550,2
11552,1
11553,2
11557,2
11559,6
11561,2
11568,4
11570,3
11580,1
11590,1
11598,3
11691,3
11702,1
11704,1
11706,2
11710,1
11714,1
11717,2
11720,3
11722,1
11725,1
11735,1
11746,1
11747,3
11769,2
11772,4
11776,1
11780,1
11782,2
11788,2
11791,3
11794,1
11796,1
11801,1
11803,1
11901,3
11934,1
11949,1
11968,2
12037,1
12043,1
12061,1
12068,1
12095,2
12110,1
12125,2
12144,1
12180,4
12203,3
12205,4
12207,2
12208,6
12211,2
12303,2
12305,5
12308,1
12309,1
12414,1
12446,1
12484,1
12507,1
12508,2
12526,1
12534,2
12545,1
12550,3
12561,1
12566,1
12571,4
12590,1
12601,4
12604,1
12747,1
12779,1
12790,1
12804,1
12866,2
12901,5
12970,1
12972,1
12983,3
13021,3
13026,1
13031,1
13035,3
13044,1
13045,3
13053,1
13066,2
13069,2
13088,1
13090,1
13126,2
13135,1
13142,2
13165,1
13202,3
13203,1
13207,1
13209,1
13210,9
13211,1
13214,2
13215,2
13219,1
13244,2
13323,2
13346,2
13350,2
13403,1
13413,1
13440,2
13501,4
13502,1
13601,2
13602,2
13617,2
13676,2
13699,2
13753,3
13815,1
13820,3
13850,2
13901,1
13905,2
14020,1
14063,3
14068,1
14075,1
14094,2
14109,1
14120,1
14127,5
14132,2
14201,1
14203,4
14207,1
14208,2
14209,1
14213,2
14214,4
14216,1
14218,1
14219,1
14220,2
14221,4
14222,1
14224,2
14225,1
14226,4
14227,1
14228,1
14260,1
14301,1
14304,1
14411,1
14420,1
14424,1
14445,1
14450,1
14454,1
14456,3
14485,1
14513,1
14514,1
14527,1
14569,1
14586,1
14604,4
14606,1
14607,3
14618,2
14620,3
14621,1
14623,82
14624,1
14642,2
14701,3
14706,1
14744,1
14760,2
14769,1
14802,2
14803,1
14830,3
14837,1
14850,4
14853,1
14889,1
14901,2
15009,2
15010,1
15012,1
15021,1
15061,5
15068,2
15071,1
15084,1
15090,1
15101,2
15108,4
15120,1
15122,1
15131,2
15146,2
15202,1
15205,1
15213,11
15214,1
15219,5
15221,1
15222,7
15226,1
15229,1
15232,1
15235,6
15237,2
15260,2
15282,1
15301,4
15314,1
15317,1
15370,1
15401,1
15419,1
15501,1
15537,1
15601,4
15650,1
15658,1
15701,3
15705,3
15767,3
15773,1
15801,1
15857,2
15904,3
15938,1
15940,1
16001,2
16002,1
16046,1
16057,10
16059,1
16066,2
16101,1
16125,2
16127,2
16137,1
16146,2
16148,1
16201,2
16214,1
16226,1
16229,2
16254,1
16301,2
16335,1
16354,1
16407,2
16412,1
16417,1
16424,1
16428,1
16444,1
16501,3
16503,1
16506,2
16508,1
16510,1
16565,1
16601,1
16602,2
16652,5
16701,2
16801,18
16803,4
16830,1
16933,1
17003,2
17011,1
17013,9
17017,1
17022,2
17033,1
17042,1
17044,2
17046,1
17050,1
17055,2
17057,1
17067,1
17101,3
17102,2
17110,3
17111,2
17112,1
17113,2
17201,2
17228,1
17257,2
17307,1
17325,4
17331,3
17403,2
17404,2
17519,1
17538,1
17551,1
17552,2
17584,1
17601,9
17602,4
17603,9
17701,4
17745,1
17801,2
17815,1
17834,1
17837,3
17847,1
17870,1
17872,1
17901,2
18015,2
18017,3
18018,5
18020,2
18034,4
18040,1
18042,6
18049,1
18052,1
18069,1
18078,3
18101,1
18102,2
18104,4
18106,1
18109,4
18201,4
18202,3
18229,3
18240,1
18252,1
18301,3
18360,2
18411,1
18419,1
18428,1
18503,1
18504,1
18508,2
18509,3
18510,1
18512,3
18612,1
18634,3
18640,2
18641,1
18657,1
18701,3
18702,3
18704,2
18840,1
18848,1
18901,4
18913,1
18929,1
18940,3
18944,2
18951,1
18966,1
18974,1
18976,1
19001,1
19002,4
19003,2
19004,2
19006,1
19007,1
19008,1
19010,10
19013,1
19014,1
19018,1
19020,4
19026,2
19027,5
19030,1
19034,1
19038,3
19041,2
19044,1
19046,2
19047,4
19053,5
19061,1
19063,3
19064,2
19067,1
19072,1
19075,1
19081,4
19082,5
19083,1
19085,1
19087,4
19090,1
19094,1
19095,1
19096,1
19102,9
19103,11
19104,75
19106,5
19107,5
19111,1
19114,2
19115,1
19116,1
19118,1
19119,2
19121,5
19122,4
19123,1
19124,1
19125,1
19129,4
19130,4
19131,3
19132,1
19139,2
19140,1
19141,1
19143,2
19144,2
19146,3
19147,1
19152,1
19154,2
19341,1
19342,1
19352,1
19355,2
19365,1
19380,1
19382,2
19401,4
19403,3
19406,4
19422,3
19426,3
19440,1
19446,3
19454,2
19460,1
19464,2
19530,2
19540,1
19547,1
19555,1
19601,2
19607,1
19610,2
19611,1
19701,3
19703,1
19709,1
19711,3
19713,3
19716,1
19720,4
19801,5
19802,5
19803,2
19804,2
19805,2
19806,3
19808,4
19901,1
19902,1
19904,6
19947,3
19954,1
19958,1
19968,1
19975,1
20001,24
20002,9
20003,2
20004,6
20005,17
20006,11
20007,8
20008,10
20009,9
20011,4
20012,3
20015,1
20016,13
20017,10
20018,2
20019,4
20020,1
20024,7
20036,28
20037,13
20057,3
20059,5
20064,1
20109,8
20110,1
20112,1
20115,1
20121,4
20132,1
20147,8
20151,4
20158,1
20165,2
20166,2
20170,1
20171,4
20176,1
20187,1
20190,5
20191,1
20601,1
20603,1
20609,1
20619,1
20634,2
20639,1
20646,4
20650,3
20653,1
20678,3
20705,4
20706,4
20707,4
20708,2
20712,1
20715,2
20721,1
20723,2
20724,1
20735,1
20737,1
20740,3
20742,1
20743,2
20744,1
20746,2
20747,3
20748,1
20755,2
20759,1
20762,3
20769,1
20770,3
20774,1
20782,4
20783,2
20784,1
20785,2
20814,5
20815,5
20816,2
20817,1
20832,2
20850,8
20851,1
20852,4
20853,1
20854,1
20876,1
20877,2
20879,1
20886,2
20901,1
20902,3
20903,2
20904,1
20906,1
20910,7
20912,1
21001,2
21005,2
21012,1
21014,1
21015,5
21031,2
21037,2
21042,3
21043,1
21044,3
21045,3
21046,6
21061,3
21075,2
21076,3
21090,1
21093,5
21108,1
21113,2
21117,3
21136,1
21144,3
21146,1
21157,2
21201,11
21202,13
21204,3
21207,1
21208,3
21209,4
21210,4
21211,2
21212,5
21213,6
21215,6
21216,1
21217,4
21218,5
21221,2
21224,1
21225,1
21226,1
21227,3
21228,1
21230,1
21231,1
21234,1
21236,1
21237,3
21239,1
21244,5
21250,1
21251,1
21286,5
21401,5
21402,1
21502,1
21530,1
21532,1
21536,1
21541,1
21550,1
21601,2
21613,2
21617,1
21629,1
21660,1
21673,1
21701,5
21702,1
21727,1
21740,3
21742,3
21793,1
21801,2
21804,3
21830,1
21853,3
21863,1
21901,1
21915,1
22003,11
22030,5
22031,3
22032,2
22041,1
22042,3
22043,2
22044,2
22046,4
22060,3
22066,1
22079,1
22101,1
22102,5
22134,2
22150,2
22151,2
22153,2
22182,5
22191,3
22192,3
22193,2
22201,4
22202,5
22203,6
22205,2
22207,2
22209,3
22211,1
22302,2
22304,2
22308,1
22309,1
22310,2
22311,2
22312,4
22314,7
22315,1
22401,5
22405,3
22406,2
22407,1
22408,1
22508,1
22554,2
22560,1
22601,6
22602,1
22630,1
22701,1
22801,1
22802,1
22807,1
22815,1
22832,1
22901,3
22902,1
22903,10
22911,2
22942,1
23005,1
23059,1
23060,1
23093,1
23103,1
23112,3
23113,1
23117,1
23120,1
23124,1
23149,1
23150,1
23173,1
23185,5
23186,1
23188,1
23219,12
23220,38
23221,1
23222,1
23223,2
23224,4
23225,4
23226,2
23227,3
23228,1
23229,3
23230,5
23233,1
23235,3
23236,5
23294,4
23298,5
23320,8
23321,1
23322,5
23323,1
23324,2
23356,1
23430,1
23434,1
23435,3
23451,2
23452,6
23453,3
23455,2
23462,8
23463,1
23464,3
23502,4
23503,1
23504,2
23507,4
23508,1
23509,2
23510,4
23511,1
23518,1
23529,1
23602,2
23604,1
23606,6
23607,1
23666,4
23668,1
23669,2
23703,1
23704,2
23801,2
23803,1
23805,1
23806,1
23831,1
23832,2
23836,1
23841,1
23847,1
23851,1
23868,1
23875,1
23901,2
23909,1
24012,1
24013,2
24014,1
24016,4
24017,1
24020,1
24060,4
24073,1
24112,2
24141,3
24142,1
24151,3
24153,2
24171,1
24201,1
24210,1
24273,2
24290,1
24311,1
24348,2
24360,1
24361,1
24370,1
24381,1
24382,2
24401,3
24416,1
24450,1
24486,1
24501,1
24502,4
24503,1
24521,12
24523,2
24531,1
24540,2
24541,4
24563,1
24592,2
24605,1
24630,1
24701,1
24740,2
24901,3
24954,1
25064,1
25130,1
25136,2
25143,1
25271,1
25276,2
25301,3
25303,1
25304,2
25311,4
25312,1
25313,1
25401,8
25414,2
25504,1
25560,1
25701,4
25755,1
25801,5
25844,1
25901,1
26003,7
26041,1
26047,1
26059,1
26062,2
26101,2
26104,1
26201,1
26241,4
26288,1
26301,3
26330,1
26351,2
26426,2
26452,1
26501,3
26505,3
26554,5
26726,1
26847,1
27017,1
27028,3
27052,1
27055,1
27101,8
27103,5
27105,8
27106,4
27110,1
27127,2
27203,2
27205,1
27215,1
27244,2
27253,1
27260,1
27262,2
27265,4
27282,2
27292,1
27311,1
27312,1
27330,2
27360,4
27371,1
27401,1
27403,3
27405,1
27406,2
27407,2
27408,1
27410,2
27411,1
27413,1
27502,1
27510,1
27511,4
27513,3
27514,9
27516,3
27517,7
27520,2
27530,3
27531,1
27536,1
27545,1
27546,1
27549,2
27560,6
27573,1
27574,1
27583,1
27587,3
27589,2
27591,1
27601,10
27603,9
27604,4
27606,6
27607,11
27609,4
27610,1
27613,1
27615,1
27616,3
27617,1
27701,5
27703,4
27704,2
27705,4
27707,2
27712,1
27713,2
27801,1
27804,3
27832,1
27834,6
27855,1
27858,2
27886,1
27889,1
27890,2
27892,1
27893,1
27909,2
27910,2
27932,2
27954,1
27983,1
28001,2
28012,2
28025,3
28027,1
28034,3
28036,1
28043,1
28078,2
28081,4
28083,1
28092,1
28105,3
28110,1
28112,1
28117,2
28120,1
28134,1
28137,1
28144,4
28146,1
28147,1
28150,1
28152,2
28170,1
28174,1
28202,3
28203,1
28204,5
28205,1
28208,1
28209,1
28210,1
28212,2
28213,1
28216,1
28217,2
28226,1
28262,9
28270,1
28273,5
28274,2
28301,4
28303,3
28305,1
28311,1
28314,3
28320,1
28328,1
28334,2
28338,1
28345,1
28348,1
28352,1
28365,1
28372,1
28401,3
28403,6
28405,2
28425,1
28429,1
28457,1
28470,1
28472,2
28501,2
28544,1
28546,3
28551,1
28557,1
28562,2
28590,1
28601,4
28602,1
28604,1
28605,1
28607,2
28613,1
28625,2
28638,1
28654,1
28655,2
28658,2
28675,1
28679,1
28697,1
28704,2
28712,2
28714,1
28715,1
28719,1
28721,1
28722,1
28723,2
28734,1
28753,1
28777,1
28778,2
28786,1
28792,2
28801,5
28803,2
28804,3
29003,3
29006,1
29010,4
29020,4
29030,1
29033,2
29042,2
29067,1
29070,1
29072,3
29073,1
29108,5
29115,3
29117,2
29118,1
29138,1
29150,6
29152,4
29169,1
29201,10
29203,6
29204,5
29205,3
29206,1
29210,6
29223,7
29229,2
29301,2
29302,1
29303,5
29306,3
29316,1
29325,2
29340,2
29349,1
29379,1
29401,5
29403,2
29405,3
29406,5
29407,3
29412,1
29418,2
29420,1
29429,1
29437,1
29440,1
29456,1
29477,1
29483,1
29488,2
29501,5
29505,1
29506,1
29512,4
29526,8
29527,1
29532,5
29536,1
29550,3
29556,3
29560,3
29566,1
29571,1
29574,2
29577,4
29588,2
29605,2
29607,11
29609,3
29613,1
29615,1
29617,1
29620,2
29621,3
29624,2
29625,1
29626,1
29630,2
29631,1
29632,1
29639,1
29640,3
29646,2
29649,1
29650,1
29651,1
29669,1
29670,1
29672,1
29678,1
29680,1
29687,1
29690,1
29691,1
29706,1
29709,2
29710,1
29720,2
29730,4
29801,2
29803,2
29805,1
29810,2
29812,3
29817,2
29824,1
29835,3
29902,3
29909,1
29936,1
29944,2
30004,3
30005,1
30008,1
30012,1
30013,1
30014,3
30017,3
30021,1
30022,1
30024,1
30030,4
30033,1
30034,3
30035,2
30038,1
30041,1
30043,4
30045,1
30047,1
30054,4
30060,4
30067,3
30068,1
30071,2
30075,1
30076,3
30078,2
30080,1
30083,5
30084,2
30088,1
30092,2
30093,1
30096,7
30101,1
30106,1
30117,2
30118,1
30120,3
30125,1
30126,1
30135,3
30143,1
30144,2
30153,1
30161,3
30165,3
30168,1
30183,1
30188,1
30204,2
30223,1
30224,2
30236,3
30238,1
30240,4
30241,1
30252,1
30253,4
30260,5
30263,3
30277,1
30281,5
30286,1
30303,5
30305,2
30307,1
30308,2
30309,5
30310,6
30311,1
30312,1
30313,3
30314,12
30316,1
30318,10
30319,3
30322,4
30324,1
30326,5
30327,2
30328,4
30329,1
30331,2
30337,5
30338,2
30339,2
30341,5
30342,5
30344,1
30345,2
30346,1
30349,2
30350,2
30401,1
30427,1
30442,2
30453,1
30458,3
30474,4
30501,3
30504,1
30512,2
30527,1
30531,1
30533,1
30535,1
30540,1
30541,2
30547,1
30555,1
30566,3
30577,2
30601,3
30602,1
30605,3
30606,3
30628,1
30635,1
30643,1
30662,1
30677,3
30680,2
30701,2
30720,2
30736,2
30739,1
30742,1
30750,3
30809,1
30901,3
30904,3
30905,3
30906,2
30907,2
30909,5
30912,1
31008,1
31014,1
31015,1
31024,2
31030,2
31032,1
31044,1
31047,1
31061,4
31064,2
31082,1
31087,1
31088,2
31093,1
31201,4
31204,2
31206,5
31207,1
31210,4
31216,1
31313,1
31321,1
31329,1
31404,2
31405,3
31406,3
31408,3
31415,1
31419,4
31501,2
31503,2
31510,2
31520,3
31533,3
31539,2
31545,1
31547,1
31602,3
31605,1
31698,1
31699,3
31701,2
31704,1
31705,2
31707,2
31709,1
31730,1
31788,1
31792,3
31793,2
31794,1
31805,1
31816,1
31833,3
31901,3
31904,6
31906,1
31907,2
31909,5
32046,1
32063,2
32065,1
32068,1
32073,2
32084,2
32091,2
32092,1
32097,2
32114,6
32119,1
32128,1
32136,1
32137,1
32145,1
32164,1
32177,3
32202,2
32204,1
32205,4
32207,6
32209,4
32211,6
32212,1
32216,5
32218,1
32222,1
32224,3
32225,4
32233,1
32244,1
32246,4
32250,1
32256,11
32301,1
32303,1
32304,2
32307,1
32309,1
32311,1
32320,1
32324,1
32327,1
32340,1
32351,1
32352,1
32401,2
32403,2
32405,2
32409,1
32433,1
32440,3
32446,2
32456,2
32459,1
32465,2
32502,2
32503,1
32504,1
32506,1
32508,2
32514,3
32533,1
32536,2
32539,1
32542,2
32544,1
32547,1
32548,1
32578,2
32579,2
32606,2
32607,1
32608,2
32611,2
32615,2
32619,1
32626,1
32653,1
32701,1
32707,1
32708,1
32713,1
32714,2
32724,3
32725,1
32726,1
32730,1
32746,4
32750,1
32751,4
32757,1
32765,1
32771,1
32779,1
32780,2
32789,11
32792,2
32796,1
32801,5
32803,7
32804,2
32805,1
32806,3
32807,6
32808,1
32809,10
32810,4
32812,1
32817,7
32818,2
32819,11
32821,1
32822,1
32825,4
32826,3
32827,2
32828,1
32835,3
32837,2
32839,4
32901,6
32904,2
32905,1
32909,2
32925,1
32926,3
32934,1
32935,2
32952,1
32955,2
32962,1
32963,1
32966,1
33004,1
33010,1
33012,7
33013,1
33014,2
33015,2
33016,1
33020,1
33023,2
33024,3
33025,5
33026,1
33027,8
33029,2
33030,3
33033,1
33040,1
33050,1
33054,2
33056,2
33060,2
33062,2
33063,2
33064,2
33065,1
33067,1
33068,1
33069,1
33071,1
33076,1
33122,1
33125,2
33126,3
33127,1
33129,1
33131,2
33132,4
33133,1
33134,5
33135,4
33136,10
33137,3
33139,4
33140,3
33142,2
33143,1
33144,6
33146,18
33147,3
33149,1
33150,3
33155,1
33156,3
33157,3
33160,1
33161,5
33162,4
33165,4
33166,1
33167,2
33168,1
33169,1
33172,4
33173,1
33174,2
33175,4
33176,4
33178,2
33180,1
33181,4
33182,2
33183,2
33186,4
33193,1
33199,1
33301,2
33304,4
33309,8
33311,2
33313,1
33314,5
33316,1
33317,1
33319,2
33322,2
33324,4
33326,2
33328,2
33331,2
33334,1
33351,1
33401,2
33405,1
33407,3
33408,1
33409,1
33410,2
33411,3
33412,1
33415,3
33417,2
33418,3
33430,1
33431,11
33433,2
33435,1
33436,1
33437,1
33442,1
33445,1
33446,1
33458,1
33460,1
33461,5
33483,2
33487,1
33511,1
33525,1
33548,1
33563,2
33569,1
33570,1
33576,1
33585,2
33602,4
33603,1
33605,1
33606,2
33607,2
33609,3
33610,4
33611,1
33612,5
33613,2
33614,8
33615,3
33617,4
33619,9
33620,1
33634,6
33637,2
33701,2
33702,1
33707,2
33709,1
33710,2
33711,3
33712,2
33716,3
33756,3
33759,2
33760,3
33762,1
33763,1
33764,1
33765,1
33771,4
33772,3
33781,3
33801,3
33803,2
33805,1
33809,1
33813,1
33815,1
33823,2
33825,2
33827,2
33830,1
33834,1
33852,1
33859,1
33860,1
33873,1
33881,2
33884,1
33901,1
33907,2
33912,2
33916,3
33919,2
33935,1
33950,1
33954,1
33993,1
34103,1
34108,1
34112,1
34113,1
34116,1
34119,2
34134,1
34135,1
34142,1
34145,1
34201,5
34207,4
34211,2
34217,1
34228,1
34232,2
34234,1
34235,1
34240,3
34241,1
34243,1
34266,2
34275,1
34286,1
34420,1
34461,1
34471,1
34474,5
34475,1
34601,1
34604,1
34606,1
34608,1
34609,1
34613,1
34652,1
34653,1
34654,2
34655,1
34683,3
34690,2
34715,1
34744,3
34747,1
34748,3
34758,2
34761,1
34946,1
34947,1
34950,1
34952,1
34956,1
34972,1
34974,1
34981,1
34982,1
34983,1
34984,1
34986,1
34994,1
34997,1
35007,1
35010,1
35016,1
35022,1
35023,1
35044,1
35045,1
35064,1
35071,1
35077,1
35080,1
35115,1
35121,1
35124,1
35160,3
35203,1
35204,1
35205,1
35209,3
35211,1
35215,1
35218,1
35221,2
35226,2
35228,1
35229,1
35233,2
35242,2
35243,4
35244,2
35401,4
35405,4
35462,1
35476,1
35501,2
35555,2
35601,1
35611,2
35614,1
35630,3
35671,1
35768,1
35801,3
35805,6
35806,2
35811,7
35816,2
35901,1
35950,1
35951,1
35957,3
35968,1
36027,1
36037,1
36049,1
36081,2
36082,1
36088,3
36089,1
36104,10
36106,4
36108,2
36109,2
36110,1
36112,1
36113,1
36116,4
36117,8
36207,2
36265,1
36301,1
36303,2
36312,1
36350,1
36460,1
36467,1
36502,1
36507,2
36526,2
36532,7
36535,2
36545,1
36561,2
36571,1
36603,1
36604,1
36605,1
36606,1
36607,1
36608,1
36609,6
36610,2
36688,3
36701,1
36703,1
36801,1
36804,1
36830,3
36832,2
36849,1
36854,2
36869,1
37013,1
37027,1
37030,1
37033,2
37040,6
37042,1
37055,2
37064,1
37066,2
37067,4
37072,2
37074,1
37086,1
37087,6
37091,2
37110,4
37115,3
37129,2
37130,1
37160,1
37172,1
37185,1
37190,1
37203,4
37204,3
37205,2
37206,1
37207,1
37208,2
37209,2
37210,4
37211,2
37212,5
37214,6
37215,2
37217,3
37221,1
37228,1
37303,5
37311,7
37312,1
37317,1
37321,3
37322,1
37352,1
37354,2
37363,2
37367,1
37380,1
37388,1
37402,2
37403,2
37404,5
37405,1
37406,2
37411,4
37415,1
37421,3
37601,2
37614,1
37617,1
37620,4
37643,2
37659,1
37681,1
37683,1
37701,1
37743,1
37745,3
37748,2
37755,1
37757,1
37760,1
37766,2
37771,1
37803,1
37804,1
37813,2
37821,1
37830,1
37849,1
37854,1
37862,1
37890,1
37902,2
37909,2
37916,14
37917,2
37918,2
37919,7
37920,2
37921,2
37922,1
37923,3
37931,1
37932,5
38001,1
38012,1
38016,1
38017,1
38018,2
38019,2
38053,1
38063,2
38079,1
38103,3
38104,2
38106,2
38111,2
38112,5
38116,1
38117,4
38118,6
38119,1
38120,2
38122,1
38125,1
38126,1
38127,2
38131,1
38132,4
38133,2
38134,6
38138,2
38152,1
38201,4
38225,1
38237,2
38301,7
38305,6
38320,2
38340,3
38343,1
38344,2
38351,2
38363,1
38375,2
38382,2
38401,1
38425,1
38464,1
38478,1
38485,2
38501,2
38506,1
38549,1
38555,2
38570,3
38581,1
38583,1
38603,1
38610,1
38614,1
38632,1
38635,2
38652,2
38654,1
38655,2
38671,3
38680,1
38701,1
38732,3
38737,1
38751,3
38829,1
38843,1
38852,1
38901,2
38930,1
38941,1
39042,1
39046,1
39058,1
39073,2
39083,1
39095,1
39110,1
39120,4
39150,1
39154,1
39175,1
39180,2
39183,1
39191,1
39201,1
39202,3
39203,2
39204,2
39206,4
39208,2
39209,1
39211,4
39213,4
39216,3
39232,1
39307,2
39327,1
39401,6
39402,1
39406,1
39423,1
39437,2
39452,1
39465,2
39501,6
39503,6
39520,2
39530,1
39531,2
39532,4
39534,1
39553,1
39560,1
39563,1
39564,4
39573,1
39576,1
39577,1
39666,1
39701,1
39710,2
39762,1
39819,1
39845,1
40004,1
40006,1
40160,4
40202,7
40203,3
40204,2
40205,2
40207,2
40210,1
40213,1
40214,1
40216,1
40218,4
40219,1
40220,1
40223,5
40229,1
40245,1
40292,1
40299,1
40324,4
40330,1
40336,2
40342,2
40347,1
40351,3
40353,1
40356,2
40361,2
40380,1
40383,2
40390,3
40391,1
40403,3
40422,11
40444,2
40475,9
40502,1
40503,8
40504,3
40505,1
40507,2
40508,5
40509,4
40511,5
40513,1
40517,1
40601,4
40701,2
40744,2
40769,3
40823,1
40831,1
40906,1
40965,1
40977,1
41005,1
41008,3
41017,1
41031,1
41035,1
41041,1
41042,5
41056,1
41064,1
41071,1
41099,1
41101,2
41102,2
41143,1
41179,2
41224,1
41240,3
41339,5
41501,2
41701,6
41775,1
41822,1
41858,3
42001,1
42003,1
42025,1
42066,4
42071,2
42101,7
42103,2
42104,6
42141,6
42164,1
42211,1
42220,1
42223,2
42240,6
42261,2
42274,1
42276,1
42301,1
42303,3
42327,1
42330,1
42347,1
42420,5
42431,1
42445,2
42450,1
42452,1
42455,1
42501,5
42539,1
42544,1
42642,1
42701,7
42718,1
42728,2
42748,1
43015,7
43016,1
43017,4
43022,2
43023,3
43026,1
43035,1
43040,4
43050,3
43054,1
43055,7
43062,1
43064,1
43068,3
43074,1
43078,1
43081,4
43082,3
43110,1
43113,3
43119,1
43123,2
43125,1
43130,3
43138,2
43140,1
43147,1
43201,8
43203,2
43209,6
43210,91
43212,2
43213,3
43214,2
43215,5
43219,4
43220,1
43221,4
43222,1
43224,1
43227,1
43229,4
43230,5
43232,4
43235,3
43240,4
43302,4
43311,2
43326,1
43402,6
43403,1
43420,2
43430,1
43502,1
43506,2
43512,2
43537,2
43545,1
43551,2
43560,3
43567,1
43604,1
43606,1
43607,1
43612,2
43614,1
43615,1
43623,1
43624,2
43701,1
43725,1
43755,1
43756,1
43762,1
43764,2
43812,2
43840,1
43907,1
43920,4
43950,1
43952,1
43953,1
44004,2
44017,12
44021,1
44022,1
44030,1
44035,7
44047,1
44060,2
44074,2
44077,2
44087,1
44092,3
44094,2
44095,1
44103,5
44104,1
44105,1
44106,11
44107,4
44114,6
44115,5
44117,1
44118,6
44120,1
44121,2
44122,4
44124,2
44125,2
44126,1
44128,3
44129,2
44130,3
44131,7
44133,1
44136,1
44137,1
44141,2
44143,1
44145,3
44146,1
44147,1
44149,1
44212,2
44221,3
44224,2
44234,1
44240,4
44243,2
44256,4
44272,1
44278,1
44304,5
44305,1
44306,1
44308,1
44311,2
44312,1
44320,3
44321,2
44325,1
44333,1
44406,1
44410,2
44425,1
44432,1
44446,2
44460,3
44471,1
44473,1
44481,1
44483,1
44484,3
44502,3
44504,1
44505,2
44510,1
44515,1
44555,1
44615,1
44646,3
44647,1
44654,2
44663,1
44691,7
44702,2
44709,1
44710,1
44718,1
44720,3
44805,4
44813,1
44839,1
44857,1
44870,3
44883,6
44902,1
44906,7
45005,1
45011,1
45013,1
45030,1
45036,4
45040,3
45042,1
45056,3
45066,1
45069,2
45121,1
45133,3
45142,1
45150,1
45171,1
45177,2
45204,1
45207,2
45215,1
45219,1
45221,1
45223,2
45224,2
45225,1
45226,1
45229,2
45233,2
45241,5
45242,1
45246,3
45248,1
45249,1
45314,1
45315,1
45324,8
45331,2
45356,3
45365,1
45373,1
45385,5
45387,3
45402,5
45403,1
45405,1
45407,1
45408,2
45409,1
45419,1
45420,1
45424,1
45429,3
45431,2
45432,1
45439,1
45440,1
45458,1
45459,3
45504,2
45505,1
45601,3
45629,1
45631,2
45638,2
45640,2
45648,2
45651,1
45661,1
45662,2
45680,1
45693,1
45701,4
45750,2
45801,7
45805,1
45806,2
45807,1
45810,1
45817,2
45822,2
45840,10
45879,3
45891,1
45895,3
45896,1
46012,1
46013,5
46016,1
46032,2
46038,2
46060,2
46074,1
46077,1
46123,1
46124,1
46131,1
46135,8
46140,3
46142,1
46143,2
46158,1
46168,3
46173,1
46176,2
46202,20
46204,7
46205,2
46208,2
46216,1
46218,1
46222,3
46227,5
46229,1
46231,1
46235,1
46239,1
46240,6
46241,3
46250,5
46260,1
46268,7
46278,3
46280,1
46307,1
46320,1
46323,1
46342,1
46350,3
46360,4
46368,2
46383,3
46394,1
46408,2
46410,11
46516,1
46526,2
46530,2
46534,1
46545,2
46556,4
46563,3
46580,2
46590,1
46601,1
46615,1
46617,2
46635,1
46703,4
46714,1
46725,1
46733,1
46750,1
46755,1
46802,1
46804,2
46805,3
46807,1
46808,1
46815,2
46825,3
46902,1
46953,1
46962,1
46970,2
46975,2
46992,2
46996,2
47006,2
47025,1
47042,1
47129,3
47130,5
47140,1
47143,1
47150,2
47170,1
47172,1
47201,1
47203,8
47240,4
47243,1
47250,2
47265,2
47302,1
47303,2
47304,2
47331,2
47362,1
47371,1
47374,5
47401,5
47403,3
47404,5
47405,19
47406,13
47408,25
47421,3
47429,1
47441,1
47454,1
47501,1
47527,1
47546,3
47553,2
47577,1
47586,1
47591,7
47630,2
47635,1
47660,1
47708,1
47710,1
47712,1
47714,2
47715,4
47722,1
47802,2
47803,2
47807,2
47834,1
47872,1
47885,2
47905,5
47906,3
47907,1
47909,2
47932,1
47933,2
47970,1
48005,1
48009,1
48021,6
48025,1
48030,2
48034,1
48035,1
48038,2
48043,1
48045,1
48047,1
48060,3
48066,1
48067,1
48071,1
48073,1
48075,4
48076,3
48083,4
48084,3
48088,1
48092,3
48098,2
48101,1
48103,3
48104,7
48105,8
48108,3
48109,3
48114,1
48116,1
48118,2
48124,2
48126,5
48127,2
48128,2
48135,1
48144,1
48152,4
48154,3
48161,2
48162,1
48164,1
48167,1
48170,2
48174,1
48178,1
48180,1
48182,2
48184,2
48186,2
48187,1
48197,6
48198,1
48201,4
48202,14
48203,2
48206,1
48207,2
48208,1
48211,1
48212,1
48213,2
48214,1
48219,3
48221,6
48224,1
48226,4
48228,2
48236,1
48237,2
48239,1
48304,1
48307,4
48309,1
48312,3
48320,1
48322,1
48324,2
48326,4
48327,1
48328,1
48329,1
48331,1
48334,3
48335,1
48341,1
48371,1
48374,1
48377,1
48390,2
48420,1
48430,1
48446,1
48453,1
48502,1
48503,2
48504,4
48505,1
48507,4
48532,1
48602,1
48603,3
48607,1
48617,1
48626,1
48640,2
48642,1
48653,1
48706,2
48710,1
48722,1
48723,1
48726,1
48734,1
48750,1
48801,3
48813,1
48815,1
48823,9
48824,5
48837,1
48838,1
48843,6
48846,1
48847,1
48850,1
48854,1
48856,1
48858,3
48867,3
48879,1
48885,1
48906,1
48910,3
48912,1
48917,4
48933,5
49001,1
49006,3
49008,2
49009,2
49014,2
49017,5
49022,5
49031,1
49034,1
49036,1
49047,1
49058,1
49060,1
49076,1
49079,1
49085,2
49090,2
49091,1
49093,1
49103,2
49104,1
49107,1
49201,6
49202,1
49221,4
49224,1
49230,1
49242,3
49245,1
49283,1
49285,1
49304,1
49307,6
49329,1
49338,1
49340,2
49341,1
49343,1
49412,3
49417,1
49418,2
49423,2
49428,1
49440,1
49441,2
49442,5
49454,1
49455,1
49457,1
49464,2
49503,8
49504,1
49505,1
49506,3
49509,1
49525,4
49544,2
49546,6
49548,1
49615,1
49636,1
49643,1
49656,1
49660,1
49684,3
49686,1
49707,2
49720,1
49735,2
49738,1
49770,2
49782,1
49783,1
49829,2
49855,1
49862,1
49894,1
49931,1
49938,1
50009,1
50010,5
50011,1
50014,2
50021,3
50022,1
50036,1
50111,1
50112,8
50124,1
50125,1
50126,2
50138,1
50158,7
50208,2
50213,1
50219,1
50265,2
50266,5
50273,1
50309,2
50310,1
50311,7
50312,1
50313,1
50314,1
50316,4
50321,2
50325,1
50401,1
50436,1
50501,1
50511,1
50533,1
50536,2
50588,2
50595,1
50613,2
50614,1
50616,1
50658,1
50677,2
50701,4
50801,1
50833,1
50841,1
51031,3
51041,1
51103,2
51104,1
51106,2
51201,1
51246,1
51250,2
51301,1
51334,2
51351,1
51360,1
51401,2
51442,2
51501,1
51503,5
51537,2
51566,1
51579,1
51601,1
52001,4
52003,1
52045,1
52101,1
52132,1
52136,1
52142,2
52208,1
52242,1
52302,1
52314,1
52339,2
52402,3
52403,1
52404,4
52501,3
52542,1
52544,1
52556,4
52557,1
52565,1
52572,1
52577,2
52591,1
52601,1
52627,1
52632,1
52641,3
52655,1
52722,1
52761,1
52801,4
52803,3
52807,3
53005,2
53015,1
53045,1
53051,1
53073,1
53081,3
53083,2
53085,1
53089,1
53090,1
53092,1
53094,1
53095,1
53097,1
53104,1
53105,2
53121,1
53130,1
53140,4
53142,1
53144,2
53154,1
53186,2
53188,5
53190,1
53191,1
53202,7
53203,5
53209,1
53210,1
53211,4
53212,4
53213,1
53214,6
53215,2
53216,1
53217,6
53218,1
53220,1
53222,2
53224,5
53226,7
53227,2
53233,4
53235,3
53403,1
53511,7
53534,2
53538,1
53546,5
53562,1
53566,2
53581,1
53593,1
53703,3
53704,6
53705,5
53706,43
53711,4
53713,1
53715,18
53717,3
53718,5
53719,2
53726,2
53805,1
53809,2
53813,1
53818,1
53821,1
53901,1
53911,4
53913,1
53916,2
53948,1
53959,1
54022,2
54115,22
54121,2
54143,2
54154,1
54156,1
54157,1
54166,5
54205,1
54220,4
54235,1
54302,1
54303,1
54304,5
54311,5
54313,2
54401,3
54409,1
54449,1
54451,2
54455,1
54456,1
54479,1
54481,3
54501,2
54548,1
54555,1
54568,1
54601,9
54615,1
54656,1
54665,1
54669,1
54701,5
54729,2
54751,3
54806,1
54812,1
54821,1
54843,2
54848,1
54868,2
54871,1
54880,4
54901,2
54902,2
54911,4
54913,1
54914,4
54915,1
54929,1
54935,4
54942,1
54956,2
54981,1
55005,1
55008,1
55009,1
55014,2
55021,3
55024,1
55044,1
55051,1
55057,7
55060,8
55063,2
55066,2
55068,1
55076,2
55101,5
55102,2
55103,3
55104,7
55105,2
55106,1
55108,4
55109,2
55110,1
55112,4
55113,1
55114,2
55116,1
55117,2
55120,2
55121,2
55125,2
55303,1
55304,1
55313,1
55318,2
55322,1
55330,1
55334,1
55336,1
55337,1
55344,1
55345,1
55347,1
55350,3
55355,1
55379,1
55386,1
55387,2
55401,4
55402,2
55403,4
55404,3
55411,4
55414,5
55415,2
55416,2
55417,1
55418,3
55420,1
55421,2
55423,2
55425,2
55426,4
55428,2
55429,3
55430,6
55431,2
55433,1
55435,3
55437,1
55438,1
55441,1
55445,4
55447,1
55449,1
55454,2
55455,11
55616,1
55720,1
55731,3
55734,1
55744,3
55746,2
55748,1
55792,3
55802,2
55804,1
55808,1
55811,3
55812,1
55901,3
55902,3
55904,4
55912,1
55987,7
56001,4
56003,1
56013,1
56031,1
56073,2
56081,1
56082,1
56085,1
56093,1
56101,1
56142,3
56150,1
56156,2
56172,1
56187,2
56201,1
56223,1
56241,1
56256,1
56258,3
56277,1
56283,1
56296,1
56301,3
56303,5
56308,1
56329,1
56353,1
56359,1
56362,1
56374,1
56387,2
56401,4
56470,2
56474,1
56479,1
56501,2
56531,2
56537,5
56560,2
56563,1
56573,1
56601,4
56621,1
56633,2
56649,1
56701,1
56716,3
56721,1
56751,1
57006,1
57042,1
57069,2
57078,3
57104,5
57105,3
57106,1
57107,1
57108,4
57197,1
57201,4
57301,1
57350,1
57362,1
57401,5
57501,1
57601,1
57701,6
57702,2
57703,1
57706,1
57799,1
58045,1
58059,1
58072,2
58076,1
58102,5
58103,1
58201,1
58203,5
58257,1
58421,2
58425,1
58436,1
58501,2
58504,2
58601,1
58701,1
58703,2
58704,2
58763,1
58788,1
58801,3
59047,1
59068,1
59101,4
59102,5
59201,1
59301,2
59330,1
59401,1
59404,1
59405,2
59501,1
59601,1
59625,1
59701,1
59715,6
59717,1
59718,3
59801,2
59802,1
59803,1
59840,1
59860,1
59901,2
60012,1
60015,1
60030,1
60031,2
60045,2
60048,1
60056,1
60064,1
60067,1
60068,1
60069,1
60077,5
60085,1
60090,1
60098,1
60101,3
60108,1
60115,3
60120,1
60123,4
60126,1
60137,2
60141,1
60148,2
60150,1
60160,1
60162,1
60171,2
60173,6
60181,1
60187,2
60201,14
60208,3
60302,1
60305,3
60411,1
60430,1
60431,2
60435,1
60443,2
60446,1
60457,1
60459,1
60463,1
60466,1
60473,1
60477,3
60478,1
60501,1
60504,2
60505,2
60506,2
60515,3
60521,1
60523,1
60527,1
60532,1
60540,4
60542,1
60554,1
60555,1
60563,3
60601,2
60602,4
60603,3
60604,4
60605,4
60606,5
60607,6
60608,1
60610,5
60611,8
60612,6
60614,8
60615,1
60616,5
60618,3
60620,1
60621,1
60625,3
60626,1
60628,2
60629,1
60630,1
60631,3
60634,1
60637,9
60640,3
60643,1
60644,1
60647,1
60649,2
60653,1
60655,1
60661,2
60804,1
60901,2
60914,4
60970,1
61021,1
61028,1
61068,1
61101,2
61103,3
61104,1
61107,2
61108,2
61114,1
61201,1
61231,1
61244,4
61254,1
61265,6
61270,2
61350,1
61364,1
61401,5
61422,1
61455,4
61462,6
61480,1
61485,1
61520,2
61530,1
61537,1
61554,2
61571,1
61602,2
61603,2
61604,1
61605,1
61606,4
61614,3
61625,2
61635,1
61701,1
61753,1
61761,1
61764,2
61801,14
61802,3
61820,26
61821,6
61822,2
61832,4
61856,1
61866,1
61911,1
61920,6
61938,3
61944,3
62002,2
62015,1
62026,1
62035,1
62040,2
62052,1
62201,2
62207,1
62208,1
62220,1
62221,3
62225,1
62226,1
62233,1
62234,1
62236,1
62246,1
62254,1
62263,1
62269,1
62274,1
62278,2
62298,2
62301,2
62321,2
62354,2
62401,2
62439,2
62441,1
62448,1
62450,4
62454,2
62471,1
62522,1
62523,2
62526,2
62535,1
62557,1
62565,2
62568,2
62626,3
62644,1
62650,2
62656,4
62681,3
62691,1
62701,3
62702,8
62703,2
62704,4
62707,1
62712,2
62801,2
62821,1
62832,1
62837,1
62839,1
62846,1
62863,1
62881,1
62896,1
62901,18
62903,1
62906,1
62918,2
62946,1
62951,1
62959,2
62979,1
63010,3
63017,2
63020,1
63026,5
63031,3
63033,2
63040,1
63042,1
63043,2
63044,1
63045,2
63050,1
63069,1
63074,1
63077,1
63080,1
63084,6
63090,1
63101,3
63102,1
63103,3
63105,8
63106,2
63107,1
63108,3
63110,20
63112,2
63113,1
63114,2
63116,1
63118,2
63119,6
63121,1
63122,3
63123,2
63124,2
63125,2
63126,1
63127,4
63129,1
63130,4
63131,4
63132,4
63134,1
63135,1
63136,1
63137,1
63141,4
63144,3
63146,5
63301,5
63303,4
63304,1
63362,2
63366,4
63367,1
63376,8
63383,1
63385,1
63401,3
63435,1
63437,1
63461,1
63501,2
63552,1
63601,1
63640,2
63645,1
63650,1
63664,2
63701,3
63736,1
63775,1
63801,2
63830,1
63841,1
63857,1
63863,2
63901,2
63967,1
64015,3
64030,2
64037,1
64050,4
64055,1
64057,3
64058,1
64067,1
64068,2
64079,1
64081,1
64086,2
64093,6
64105,2
64106,2
64108,2
64109,1
64110,7
64111,4
64112,3
64114,7
64116,1
64117,1
64118,1
64119,1
64123,1
64127,2
64129,1
64131,5
64132,1
64133,1
64138,1
64147,1
64151,1
64152,3
64153,1
64424,1
64482,1
64501,2
64506,3
64507,1
64601,2
64640,1
64653,1
64683,1
64772,3
64801,4
64850,2
64854,1
64870,1
65010,1
65047,1
65051,1
65065,1
65084,1
65101,5
65109,4
65201,22
65202,2
65203,18
65216,1
65233,2
65251,4
65265,2
65270,4
65275,1
65301,2
65340,1
65355,2
65401,9
65459,1
65483,2
65536,5
65560,1
65565,1
65582,1
65583,2
65584,1
65605,1
65613,2
65616,1
65625,1
65668,1
65672,1
65689,1
65708,3
65712,2
65721,1
65742,1
65775,5
65802,7
65803,3
65804,4
65806,2
65807,7
66002,5
66006,1
66027,2
66035,1
66044,3
66045,2
66046,2
66047,1
66048,2
66049,1
66062,2
66067,4
66071,1
66073,1
66102,3
66104,1
66112,1
66204,1
66205,1
66210,6
66211,1
66212,2
66214,3
66215,2
66218,1
66224,1
66413,1
66436,3
66441,3
66442,7
66451,1
66502,11
66503,1
66506,5
66508,1
66534,1
66547,2
66550,1
66604,3
66606,1
66609,1
66614,3
66701,2
66713,2
66720,1
66749,1
66762,3
66801,2
66846,1
66861,1
67005,2
67019,1
67042,2
67059,2
67062,1
67063,1
67107,1
67110,1
67114,2
67117,2
67124,1
67133,1
67149,1
67156,3
67205,3
67207,3
67208,2
67210,1
67211,2
67213,3
67214,1
67218,1
67220,1
67226,2
67301,4
67337,4
67354,1
67357,1
67401,9
67420,2
67460,8
67501,2
67502,1
67510,1
67525,1
67530,2
67547,1
67579,1
67601,6
67654,1
67701,2
67735,1
67801,7
67846,4
67877,1
67880,1
67901,1
68005,5
68008,2
68025,2
68033,1
68046,1
68048,1
68059,1
68105,1
68106,1
68107,1
68108,1
68111,1
68113,1
68114,3
68117,1
68124,1
68128,1
68131,2
68134,3
68136,1
68137,2
68152,1
68154,3
68164,3
68182,1
68310,1
68333,1
68370,1
68405,1
68410,1
68421,1
68434,1
68463,1
68467,1
68503,1
68504,2
68505,2
68506,1
68508,10
68510,2
68521,1
68583,1
68588,1
68661,1
68701,3
68748,1
68760,1
68787,1
68801,3
68847,1
68850,1
68901,3
68949,1
69001,3
69025,1
69162,1
69301,1
69336,1
69337,2
69341,2
69361,3
70001,1
70002,2
70005,1
70037,1
70043,2
70051,1
70053,2
70062,3
70072,1
70084,2
70087,1
70112,16
70114,2
70115,1
70117,1
70118,8
70119,2
70121,1
70122,4
70123,1
70124,1
70125,5
70126,3
70129,1
70130,1
70131,1
70148,1
70301,3
70346,1
70360,3
70363,2
70364,1
70380,1
70394,1
70401,6
70402,1
70403,1
70427,2
70433,3
70458,1
70461,2
70466,1
70471,1
70501,1
70503,4
70504,1
70506,6
70507,1
70508,3
70510,2
70526,1
70535,2
70538,2
70546,1
70560,2
70570,1
70582,2
70586,1
70589,1
70601,6
70605,1
70609,1
70615,1
70634,1
70714,1
70726,1
70760,1
70764,1
70775,1
70778,3
70785,1
70802,2
70803,3
70805,1
70806,4
70807,1
70808,3
70809,3
70810,3
70812,1
70814,1
70815,1
70816,3
70820,1
71001,1
71040,2
71052,1
71055,1
71101,6
71104,2
71105,4
71106,2
71107,3
71108,3
71109,2
71110,1
71111,2
71115,2
71118,3
71119,1
71129,1
71202,1
71203,10
71241,1
71245,2
71251,1
71270,2
71292,1
71301,1
71302,1
71303,3
71334,1
71346,1
71351,1
71360,3
71446,2
71449,1
71457,1
71459,3
71601,3
71603,1
71635,1
71638,1
71653,1
71655,1
71667,1
71730,2
71742,1
71744,1
71753,2
71801,1
71832,1
71854,6
71857,1
71901,1
71913,1
71921,1
71923,2
71953,1
71998,1
71999,1
72006,1
72010,1
72011,1
72012,3
72015,3
72032,2
72034,3
72035,1
72076,4
72099,1
72104,3
72110,2
72114,4
72116,1
72117,1
72118,1
72120,1
72143,2
72150,1
72201,5
72202,7
72204,4
72205,3
72207,1
72209,1
72210,1
72211,4
72223,1
72227,1
72301,2
72315,3
72326,1
72335,2
72342,1
72360,2
72364,1
72396,1
72401,1
72422,1
72450,4
72501,3
72543,1
72601,1
72616,1
72653,3
72701,16
72703,3
72712,2
72756,2
72758,2
72762,1
72764,1
72801,13
72802,1
72830,3
72901,2
72927,1
72949,1
72956,2
73008,3
73013,2
73018,2
73034,1
73036,4
73069,28
73071,1
73072,11
73096,1
73104,6
73105,1
73106,3
73110,2
73112,1
73114,1
73116,2
73117,4
73118,1
73120,1
73127,3
73128,1
73135,1
73149,1
73159,1
73160,4
73170,1
73401,2
73501,3
73505,2
73507,1
73521,3
73533,1
73632,1
73644,2
73701,3
73717,1
73772,1
73801,1
73942,1
74003,1
74006,1
74012,1
74014,1
74029,1
74037,1
74055,1
74056,1
74058,1
74074,3
74075,11
74104,3
74105,1
74106,3
74107,2
74115,2
74116,1
74119,2
74120,1
74129,1
74132,1
74133,1
74134,2
74135,5
74137,1
74146,2
74171,1
74301,1
74361,1
74401,2
74403,4
74447,1
74464,2
74501,2
74523,1
74601,1
74604,1
74653,1
74701,1
74745,1
74804,2
74820,5
74953,1
74955,3
75019,1
75023,1
75024,2
75028,2
75032,1
75034,4
75038,3
75039,1
75040,2
75041,3
75042,1
75050,1
75051,1
75052,1
75060,1
75062,4
75063,5
75067,1
75068,1
75071,1
75074,2
75075,1
75080,5
75081,2
75087,1
75090,1
75092,1
75093,1
75098,1
75104,4
75110,1
75134,1
75150,2
75160,2
75165,3
75201,2
75202,1
75204,2
75205,2
75206,1
75211,2
75215,2
75219,1
75220,3
75226,1
75227,1
75228,4
75229,2
75230,4
75231,2
75234,7
75235,6
75237,2
75238,3
75240,2
75241,2
75243,10
75244,5
75246,5
75247,2
75248,1
75251,1
75252,2
75418,1
75428,1
75460,3
75482,1
75501,1
75503,1
75551,1
75568,1
75599,2
75601,1
75604,1
75605,2
75662,6
75670,2
75672,1
75701,3
75702,1
75708,1
75751,1
75766,3
75799,1
75901,1
75904,3
75935,1
75951,1
75962,1
76006,3
76010,4
76011,5
76012,2
76013,2
76014,1
76015,1
76019,1
76021,1
76028,2
76033,2
76036,1
76043,1
76053,1
76054,2
76059,2
76060,1
76063,1
76065,1
76067,1
76082,1
76086,1
76102,3
76103,1
76104,3
76105,1
76107,1
76109,1
76112,3
76115,2
76116,2
76117,1
76119,1
76127,2
76129,1
76137,4
76177,2
76180,1
76201,1
76208,1
76209,1
76230,2
76234,1
76240,2
76248,1
76262,1
76302,1
76306,1
76308,4
76310,1
76311,1
76380,1
76384,1
76401,1
76437,1
76442,1
76450,1
76502,1
76504,3
76520,1
76531,1
76541,1
76542,1
76549,1
76550,1
76574,1
76645,2
76667,1
76705,2
76706,2
76801,3
76802,1
76903,1
76904,2
76905,1
76908,1
77002,8
77004,5
77005,2
77006,2
77009,1
77012,1
77013,1
77014,1
77022,1
77024,1
77025,1
77027,1
77029,1
77030,11
77031,1
77032,1
77033,1
77036,12
77041,4
77042,3
77043,1
77044,1
77046,1
77047,1
77049,1
77054,2
77055,1
77057,2
77058,3
77060,3
77061,1
77062,2
77063,2
77064,2
77067,1
77070,3
77072,2
77073,3
77074,10
77079,2
77081,2
77082,1
77083,1
77084,2
77086,1
77087,2
77088,1
77089,1
77090,2
77092,3
77098,2
77099,2
77301,1
77320,1
77338,1
77340,3
77357,1
77373,1
77375,1
77377,1
77380,1
77381,1
77384,2
77385,1
77386,1
77388,1
77433,1
77437,2
77449,1
77450,1
77459,1
77469,1
77471,1
77474,1
77477,5
77478,1
77479,2
77484,1
77489,1
77502,1
77503,1
77504,1
77505,1
77507,1
77511,2
77520,3
77521,1
77546,2
77554,1
77563,1
77573,2
77575,1
77581,5
77583,1
77587,1
77591,1
77630,2
77640,1
77656,1
77701,1
77703,2
77705,3
77706,1
77802,1
77803,1
77840,14
77845,11
77901,2
77954,1
77964,1
77979,1
78006,1
78028,1
78041,2
78045,1
78064,1
78102,3
78121,1
78130,2
78148,1
78155,2
78201,1
78203,1
78204,1
78207,2
78209,3
78211,1
78212,4
78213,4
78216,5
78217,2
78220,1
78223,1
78224,2
78228,6
78229,9
78230,1
78233,1
78234,2
78235,1
78236,1
78237,2
78238,1
78239,2
78249,2
78250,1
78254,1
78258,1
78261,1
78332,1
78363,1
78373,1
78374,1
78382,1
78404,1
78405,1
78407,1
78411,2
78412,4
78413,1
78416,1
78501,3
78503,2
78504,1
78520,4
78521,1
78539,1
78541,2
78550,1
78557,1
78574,1
78577,1
78582,1
78596,3
78621,1
78624,2
78626,2
78629,1
78642,1
78654,1
78664,4
78666,4
78676,1
78681,1
78701,8
78702,1
78704,2
78705,6
78712,1
78717,1
78721,2
78723,1
78726,1
78728,1
78735,1
78736,1
78738,1
78741,3
78745,1
78748,1
78751,1
78752,4
78753,1
78754,6
78757,1
78758,2
78759,3
78801,4
78839,1
78840,3
78843,1
78852,2
79045,3
79065,1
79068,1
79070,1
79072,2
79106,2
79109,6
79201,1
79323,1
79347,1
79401,2
79407,1
79409,1
79411,1
79412,1
79414,3
79416,1
79423,1
79549,1
79556,1
79601,2
79602,1
79605,3
79607,1
79697,1
79698,1
79699,1
79701,2
79703,1
79705,2
79714,2
79720,2
79735,1
79761,1
79762,2
79763,2
79764,1
79772,1
79903,1
79904,1
79905,1
79907,2
79912,1
79922,1
79924,2
79925,3
79927,2
79936,1
79968,1
80002,2
80003,1
80004,1
80005,1
80010,3
80011,6
80012,5
80014,3
80016,1
80017,2
80020,1
80021,3
80022,1
80030,1
80031,4
80102,1
80109,1
80111,5
80112,9
80113,1
80120,1
80122,3
80124,1
80128,1
80129,2
80134,2
80202,4
80203,3
80204,7
80206,1
80208,13
80209,1
80210,14
80211,1
80214,1
80215,1
80218,1
80219,1
80220,2
80221,3
80222,2
80224,2
80226,4
80228,2
80229,2
80230,3
80231,2
80233,1
80234,3
80236,5
80237,2
80239,1
80246,4
80247,1
80260,1
80262,1
80301,1
80302,5
80303,1
80304,2
80309,1
80401,3
80439,1
80461,1
80487,1
80501,6
80512,1
80517,1
80521,2
80523,1
80524,4
80525,4
80526,1
80537,1
80538,1
80602,1
80621,1
80631,11
80634,3
80639,3
80640,1
80648,1
80701,1
80751,2
80807,1
80840,7
80903,7
80906,2
80907,2
80909,8
80910,2
80913,1
80915,3
80916,1
80917,1
80918,7
80919,3
80920,4
80921,1
81001,3
81003,4
81004,1
81005,1
81008,1
81052,1
81067,2
81082,1
81101,1
81125,1
81144,1
81201,2
81211,1
81231,1
81301,4
81321,1
81419,1
81501,3
81503,1
81505,2
81506,2
81521,1
81601,2
81611,1
81623,2
81641,1
81648,1
81650,1
81657,1
82005,1
82007,2
82009,2
82070,1
82071,1
82240,1
82301,2
82401,1
82414,2
82435,5
82443,1
82501,1
82520,3
82601,1
82633,1
82701,1
82716,2
82718,3
82801,3
82930,1
83001,3
83201,1
83204,1
83209,1
83210,1
83211,2
83221,2
83254,1
83263,1
83276,2
83301,2
83318,1
83330,1
83332,1
83333,1
83341,1
83350,1
83352,1
83401,1
83402,4
83404,2
83429,1
83440,2
83501,1
83605,4
83607,1
83617,1
83642,3
83648,3
83651,2
83661,1
83686,1
83687,3
83702,4
83704,2
83706,1
83709,1
83714,2
83725,2
83814,3
83815,2
83837,1
83843,2
83854,1
83864,2
84003,1
84010,1
84015,3
84020,3
84037,2
84041,3
84042,1
84043,1
84050,1
84057,1
84058,3
84066,2
84067,2
84070,2
84074,4
84078,1
84084,1
84092,1
84095,4
84097,1
84098,1
84101,1
84102,2
84104,1
84105,1
84107,4
84108,2
84109,1
84111,4
84112,5
84115,2
84119,4
84123,4
84302,2
84321,2
84337,1
84341,2
84401,4
84403,1
84404,2
84408,1
84414,1
84501,2
84511,3
84532,1
84602,1
84604,2
84606,2
84627,1
84660,1
84663,1
84701,1
84720,4
84737,1
84741,1
84743,1
84770,2
84790,2
85003,2
85004,5
85006,1
85007,2
85008,1
85009,1
85012,2
85013,3
85014,1
85016,1
85017,3
85018,2
85019,2
85021,12
85023,1
85027,1
85029,5
85032,1
85034,20
85037,2
85040,3
85041,1
85042,1
85043,1
85048,1
85051,2
85053,1
85054,2
85201,3
85202,3
85204,1
85206,3
85207,1
85210,4
85212,2
85219,2
85220,1
85222,3
85225,3
85226,2
85228,2
85232,1
85234,1
85236,1
85239,2
85242,2
85248,2
85249,1
85250,1
85251,2
85255,1
85256,1
85257,1
85258,2
85260,2
85281,11
85282,7
85283,3
85284,3
85287,1
85292,1
85301,1
85302,2
85305,3
85306,1
85308,1
85309,1
85310,1
85313,1
85323,1
85326,1
85331,1
85339,1
85340,1
85344,2
85364,2
85365,2
85374,1
85381,1
85501,1
85541,3
85542,1
85546,1
85552,1
85602,1
85607,1
85621,3
85635,2
85643,2
85704,1
85705,5
85706,6
85707,2
85709,2
85711,7
85712,2
85713,2
85714,2
85716,2
85719,9
85721,3
85730,1
85739,1
85741,1
85745,3
85747,2
85901,2
85925,1
85937,1
86001,3
86004,4
86025,1
86033,1
86040,1
86046,1
86047,1
86301,3
86303,3
86305,3
86314,4
86326,3
86336,1
86401,1
86403,2
86440,1
86442,1
86556,1
87004,1
87020,1
87031,1
87102,5
87105,3
87106,8
87107,2
87108,6
87109,3
87110,6
87111,1
87120,2
87121,2
87123,1
87131,1
87301,2
87401,2
87410,1
87501,1
87505,5
87507,1
87508,6
87532,1
87571,3
87701,1
87801,1
87901,1
88001,2
88003,2
88008,2
88011,2
88030,1
88045,1
88101,5
88130,1
88201,2
88203,1
88210,1
88220,2
88240,3
88310,1
88330,2
88345,1
88401,1
89014,4
89015,3
89027,1
89032,1
89048,2
89052,2
89074,5
89101,1
89102,4
89103,1
89104,1
89106,1
89107,1
89109,1
89113,1
89117,2
89119,1
89120,1
89123,3
89128,1
89131,1
89144,1
89145,2
89146,2
89147,1
89148,2
89154,1
89191,2
89301,1
89406,3
89408,1
89423,1
89431,1
89434,1
89445,2
89451,1
89501,1
89502,5
89503,3
89511,2
89512,3
89521,2
89523,1
89703,1
89706,1
89801,2
90004,6
90005,13
90006,3
90007,7
90010,16
90012,3
90014,1
90015,1
90017,3
90019,2
90020,4
90022,3
90024,4
90025,1
90028,5
90029,1
90032,1
90033,1
90034,2
90035,6
90036,5
90040,1
90041,4
90042,1
90045,4
90046,1
90047,2
90048,1
90049,5
90057,4
90059,1
90063,1
90064,1
90065,1
90066,5
90068,3
90077,2
90095,2
90201,2
90211,2
90212,4
90220,2
90221,1
90230,6
90240,1
90241,1
90245,1
90247,2
90248,5
90250,1
90260,2
90262,2
90265,1
90266,1
90275,1
90277,2
90278,1
90280,1
90292,2
90301,2
90403,3
90405,4
90501,3
90502,4
90503,1
90504,2
90505,1
90506,1
90601,1
90602,2
90604,2
90620,2
90623,1
90630,3
90638,1
90639,1
90640,5
90650,3
90660,1
90670,1
90701,3
90703,4
90706,3
90710,1
90712,1
90715,1
90720,1
90723,2
90731,4
90744,2
90745,1
90746,2
90747,1
90802,3
90804,1
90806,3
90807,1
90808,1
90810,3
90815,6
90840,1
91001,1
91006,4
91007,2
91011,1
91016,2
91020,1
91101,9
91103,4
91104,3
91105,2
91106,3
91107,4
91108,1
91201,1
91203,1
91205,2
91206,1
91208,1
91214,1
91303,2
91304,2
91307,1
91311,1
91320,1
91321,1
91324,2
91325,1
91326,2
91330,1
91331,1
91335,6
91340,2
91342,2
91343,1
91344,1
91351,1
91352,1
91354,1
91355,4
91356,2
91360,3
91361,5
91362,1
91364,1
91367,3
91371,1
91401,1
91402,1
91403,1
91405,2
91411,4
91423,1
91436,2
91502,3
91504,1
91505,2
91601,1
91602,2
91606,6
91607,1
91702,2
91706,2
91710,1
91711,12
91722,1
91723,1
91724,2
91730,4
91731,5
91737,1
91740,1
91746,1
91748,1
91750,4
91754,6
91755,1
91761,4
91762,2
91763,1
91764,3
91765,1
91766,1
91768,5
91770,4
91773,3
91776,1
91780,1
91786,2
91789,2
91790,2
91791,1
91801,2
91803,5
91902,1
91910,5
91911,4
91913,1
91915,1
91941,2
91942,1
91950,5
92007,1
92008,1
92009,1
92019,4
92020,6
92021,3
92024,3
92025,2
92026,1
92027,2
92028,1
92029,1
92037,1
92056,2
92064,1
92069,5
92071,2
92078,1
92081,1
92083,1
92084,1
92096,1
92101,8
92103,3
92104,1
92105,1
92106,1
92108,8
92109,1
92110,3
92111,3
92113,2
92115,2
92116,4
92121,3
92122,2
92123,12
92126,3
92127,1
92128,2
92129,2
92130,1
92131,3
92133,1
92140,1
92154,2
92182,1
92201,1
92211,1
92220,1
92223,2
92225,2
92231,2
92234,1
92239,1
92251,1
92252,1
92260,2
92262,2
92264,1
92270,3
92277,1
92311,3
92324,4
92337,1
92345,1
92350,1
92354,1
92356,1
92373,1
92374,3
92394,1
92395,4
92399,2
92404,1
92405,1
92407,2
92408,10
92410,1
92501,3
92503,3
92504,4
92505,7
92506,6
92507,8
92509,2
92521,1
92530,1
92543,2
92553,4
92555,2
92557,1
92561,1
92562,2
92563,1
92570,1
92583,2
92584,2
92590,4
92591,1
92592,2
92602,2
92604,1
92606,1
92610,1
92612,14
92614,1
92617,2
92618,5
92626,13
92627,1
92630,2
92647,1
92648,3
92649,1
92651,2
92653,1
92656,1
92660,8
92663,2
92675,2
92676,1
92677,1
92683,3
92691,1
92692,2
92697,1
92701,3
92704,6
92705,1
92706,4
92707,2
92708,2
92780,3
92801,12
92802,1
92804,1
92805,4
92806,2
92807,1
92821,1
92831,9
92832,1
92833,1
92840,2
92844,1
92860,2
92866,2
92867,2
92868,5
92869,1
92879,5
92882,2
93001,2
93003,8
93010,2
93012,2
93021,1
93023,1
93033,1
93036,8
93060,4
93063,3
93101,10
93103,1
93105,3
93106,1
93108,1
93109,1
93110,1
93111,2
93117,2
93210,3
93215,1
93221,1
93230,3
93245,2
93247,1
93257,3
93268,2
93274,4
93277,2
93291,3
93301,2
93304,2
93305,2
93306,1
93307,1
93309,6
93311,2
93401,5
93405,2
93407,1
93422,2
93436,2
93445,1
93446,1
93454,6
93455,1
93463,1
93465,1
93514,1
93523,1
93534,3
93535,3
93536,3
93546,1
93550,5
93551,2
93555,2
93560,1
93610,1
93611,1
93612,4
93615,1
93630,1
93635,1
93637,2
93644,1
93648,1
93650,1
93654,2
93657,1
93702,1
93703,1
93704,3
93710,4
93720,4
93721,1
93722,1
93726,3
93727,5
93740,1
93741,1
93901,3
93905,1
93906,3
93923,1
93940,3
93950,2
93955,1
93960,1
94002,2
94010,1
94014,1
94015,1
94019,2
94022,3
94025,3
94027,1
94030,1
94043,2
94062,1
94063,1
94066,2
94080,2
94085,2
94087,2
94089,1
94102,9
94103,9
94104,1
94105,6
94107,4
94108,1
94109,3
94111,3
94112,1
94114,1
94115,1
94116,2
94117,4
94118,5
94122,1
94123,1
94124,1
94129,1
94131,1
94132,2
94133,2
94134,1
94301,1
94303,1
94304,2
94305,2
94401,2
94402,3
94404,1
94501,4
94502,1
94508,2
94509,2
94513,1
94518,1
94520,4
94521,1
94523,5
94533,6
94534,2
94538,2
94539,3
94541,3
94542,1
94545,2
94546,1
94549,1
94550,1
94551,4
94553,2
94555,3
94556,1
94558,5
94560,1
94563,1
94564,1
94565,4
94566,1
94578,3
94580,1
94583,2
94587,2
94588,2
94589,1
94590,3
94591,1
94596,2
94601,2
94602,1
94603,1
94605,1
94606,2
94607,5
94608,3
94609,1
94611,1
94612,5
94613,1
94618,3
94619,2
94621,2
94702,2
94703,1
94704,18
94706,2
94707,1
94708,1
94709,4
94710,3
94720,2
94804,3
94805,2
94806,1
94901,3
94904,2
94928,1
94931,1
94939,2
94945,4
94947,2
94949,2
94952,1
94954,2
94960,3
95003,1
95008,2
95012,1
95014,2
95020,2
95023,1
95032,1
95035,2
95039,1
95050,2
95051,3
95053,1
95054,6
95060,2
95062,4
95064,1
95066,2
95070,1
95076,3
95110,2
95112,3
95113,3
95116,1
95117,2
95119,1
95124,1
95125,2
95126,1
95127,1
95128,2
95131,3
95134,3
95135,2
95136,1
95192,1
95202,2
95205,1
95206,1
95207,5
95210,2
95211,1
95219,1
95249,2
95307,1
95330,2
95336,1
95340,4
95348,1
95350,2
95356,3
95368,6
95370,1
95376,3
95380,1
95382,1
95388,1
95401,3
95403,2
95404,1
95422,1
95437,2
95448,2
95453,3
95457,1
95476,1
95482,4
95492,1
95501,2
95503,2
95521,1
95531,1
95540,1
95603,2
95605,1
95610,1
95616,2
95620,2
95621,1
95624,2
95630,2
95642,1
95648,1
95655,1
95660,3
95661,3
95662,1
95667,2
95670,6
95677,1
95678,4
95682,1
95687,1
95688,1
95691,1
95695,1
95742,1
95758,2
95765,1
95776,1
95814,6
95815,2
95816,3
95817,2
95819,8
95821,1
95822,3
95823,2
95824,2
95825,4
95826,3
95827,1
95833,5
95834,6
95835,1
95841,3
95901,4
95903,2
95928,2
95932,1
95945,3
95959,1
95963,1
95965,4
95966,1
95969,1
95971,3
95973,1
95991,1
95993,1
96001,1
96002,7
96003,2
96007,2
96058,1
96080,1
96094,2
96130,2
96150,1
96707,1
96720,4
96732,1
96740,1
96743,1
96744,2
96753,1
96762,1
96766,2
96768,1
96782,4
96789,1
96792,1
96793,1
96797,1
96813,11
96814,6
96815,1
96816,4
96817,2
96819,3
96822,9
96825,1
96826,3
96844,3
96853,1
97005,3
97006,2
97015,1
97030,2
97034,1
97045,4
97056,1
97058,1
97070,2
97071,1
97103,2
97116,1
97119,2
97123,1
97124,1
97128,2
97132,2
97138,1
97141,3
97201,4
97202,2
97203,3
97204,3
97205,3
97206,1
97209,4
97210,2
97211,1
97212,1
97214,2
97215,4
97216,3
97217,2
97218,3
97219,4
97220,5
97221,1
97222,5
97223,6
97225,2
97229,2
97230,1
97231,1
97232,2
97239,2
97266,3
97301,7
97302,2
97305,4
97321,3
97330,3
97331,1
97333,3
97355,1
97361,1
97365,1
97366,1
97367,1
97386,1
97401,9
97403,1
97405,2
97408,1
97420,2
97439,1
97448,1
97470,2
97501,2
97502,1
97503,1
97520,2
97526,1
97527,1
97531,1
97601,1
97603,1
97701,5
97702,2
97720,1
97741,3
97754,2
97756,2
97828,1
97838,1
97845,2
97850,3
97914,1
98001,1
98004,4
98005,3
98006,1
98007,3
98011,3
98021,2
98027,1
98029,1
98031,1
98032,1
98033,4
98034,1
98036,5
98037,2
98043,1
98052,2
98055,7
98092,2
98101,6
98102,1
98103,4
98104,4
98105,8
98106,2
98107,2
98108,1
98109,3
98110,1
98112,1
98115,3
98117,2
98119,1
98121,4
98122,2
98133,5
98144,2
98177,2
98188,3
98195,1
98198,1
98201,3
98203,2
98204,2
98208,1
98221,2
98225,5
98226,2
98229,1
98236,1
98250,1
98271,1
98273,4
98277,3
98278,2
98315,1
98331,1
98335,1
98337,6
98339,3
98362,1
98368,2
98370,3
98374,1
98390,1
98402,4
98405,3
98406,1
98407,2
98409,1
98416,1
98421,1
98424,1
98444,1
98447,1
98465,2
98466,3
98498,2
98499,2
98501,3
98503,4
98505,1
98513,1
98516,2
98531,1
98584,2
98606,1
98607,2
98631,1
98632,1
98660,1
98661,2
98663,1
98665,2
98682,1
98683,1
98684,1
98686,1
98801,2
98802,1
98840,1
98841,1
98901,1
98902,7
98903,1
98926,2
98930,1
98948,1
99004,1
99156,1
99163,2
99166,1
99201,1
99202,6
99204,1
99205,1
99206,1
99212,2
99216,1
99217,1
99224,1
99251,1
99301,2
99324,1
99336,4
99350,1
99352,1
99354,2
99362,3
99501,3
99503,1
99504,1
99507,1
99508,6
99577,1
99615,1
99645,2
99654,4
99669,1
99701,3
99703,1
99709,1
99801,1
99901,2
