ZIP,hospitals
 ,39
2,1
601,1
602,1
603,3
610,1
612,5
660,2
662,1
667,1
669,2
674,4
676,1
677,1
680,4
682,2
683,1
685,1
687,1
693,1
698,1
714,3
717,3
718,1
720,1
725,5
727,1
730,4
736,1
738,1
739,2
751,1
767,1
769,1
771,1
777,1
783,1
784,3
791,5
901,2
907,3
909,5
912,1
915,1
917,1
918,2
920,1
921,6
923,1
927,1
956,1
959,2
961,2
962,1
966,1
985,1
1003,1
1020,1
1040,3
1053,1
1056,2
1057,2
1060,1
1062,1
1069,2
1082,1
1085,2
1104,2
1105,1
1107,1
1109,1
1201,3
1220,2
1230,1
1247,1
1262,1
1301,1
1331,2
1376,1
1420,1
1430,1
1432,2
1440,2
1453,1
1475,1
1505,2
1510,2
1520,1
1536,1
1543,2
1545,4
1550,1
1570,1
1581,3
1588,1
1602,1
1604,2
1605,5
1610,1
1702,4
1730,1
1741,1
1742,1
1752,1
1757,1
1760,3
1801,4
1803,1
1810,1
1830,3
1833,1
1841,3
1844,2
1852,2
1854,2
1862,1
1876,1
1887,1
1890,1
1904,2
1905,1
1906,1
1913,2
1915,1
1923,2
1930,1
1938,1
1945,1
1950,1
1960,2
1970,3
2021,1
2035,1
2052,1
2056,2
2062,1
2072,3
2090,1
2114,5
2115,10
2116,1
2118,4
2119,1
2120,1
2124,2
2126,2
2130,4
2132,1
2134,2
2135,4
2138,7
2139,6
2141,1
2143,7
2144,1
2148,1
2149,2
2150,2
2151,1
2152,2
2155,3
2169,3
2171,1
2176,1
2180,1
2184,2
2186,1
2190,1
2215,4
2301,4
2302,1
2324,1
2341,1
2346,1
2347,1
2359,1
2360,1
2445,1
2446,1
2452,4
2453,1
2462,1
2467,2
2474,2
2478,2
2482,3
2492,2
2540,1
2554,2
2559,1
2568,1
2571,1
2601,1
2703,3
2720,4
2721,1
2740,1
2745,2
2748,1
2780,4
2809,1
2818,1
2832,1
2840,2
2852,2
2859,1
2860,1
2863,1
2879,2
2886,2
2891,1
2895,1
2896,3
2903,3
2905,1
2906,2
2907,1
2908,4
2911,2
2915,1
2918,1
2920,2
3038,2
3045,1
3047,1
3060,2
3063,3
3079,1
3102,2
3103,2
3104,1
3109,1
3110,1
3235,1
3246,5
3251,1
3257,1
3264,1
3301,4
3431,2
3444,1
3458,1
3561,1
3570,1
3576,1
3584,1
3598,1
3743,1
3766,2
3773,1
3785,2
3801,2
3820,1
3833,2
3841,1
3860,1
3867,1
3874,1
3894,1
3909,1
4005,6
4009,1
4011,4
4032,1
4043,1
4073,1
4092,2
4102,3
4103,3
4238,1
4240,2
4254,1
4260,1
4268,1
4274,1
4276,1
4330,3
4401,9
4421,1
4426,1
4441,1
4457,1
4462,1
4538,1
4543,1
4605,2
4609,4
4615,1
4619,2
4654,1
4679,1
4730,1
4736,1
4742,1
4743,1
4758,1
4769,1
4785,1
4841,1
4843,1
4847,1
4856,1
4863,1
4901,3
4915,1
4937,1
4938,1
4967,1
4976,1
5001,1
5060,1
5089,1
5091,1
5101,1
5156,1
5201,1
5255,2
5301,2
5342,1
5353,1
5401,1
5405,1
5446,1
5478,1
5602,1
5641,1
5661,2
5676,1
5701,3
5753,1
5763,1
5819,2
5855,1
6010,1
6018,1
6032,3
6040,2
6052,1
6053,2
6066,1
6067,1
6069,1
6071,2
6105,1
6106,3
6111,3
6112,2
6114,1
6117,1
6119,1
6226,1
6234,1
6250,1
6259,1
6260,2
6320,1
6333,1
6340,1
6360,2
6405,1
6418,1
6450,1
6451,2
6457,5
6460,2
6470,1
6480,2
6484,4
6489,1
6492,3
6511,7
6516,1
6517,1
6519,7
6605,1
6606,1
6610,2
6706,1
6708,2
6751,1
6770,1
6776,1
6790,3
6810,1
6830,2
6831,1
6840,1
6850,1
6851,1
6880,1
6902,2
7002,1
7006,1
7009,1
7016,1
7018,2
7028,1
7030,2
7032,1
7039,3
7042,1
7047,1
7050,1
7052,1
7055,3
7060,1
7065,2
7083,1
7086,1
7092,1
7094,3
7102,1
7103,1
7105,1
7106,1
7107,3
7109,2
7111,1
7112,2
7201,2
7202,1
7302,1
7304,2
7306,1
7444,1
7450,2
7461,1
7470,3
7481,1
7501,1
7503,1
7504,1
7508,1
7601,1
7631,1
7644,1
7666,1
7675,1
7701,1
7719,1
7728,2
7731,1
7733,1
7740,1
7746,1
7753,1
7801,2
7834,1
7840,1
7860,1
7901,2
7920,1
7922,1
7934,1
7950,1
7960,3
8002,1
8003,1
8009,1
8012,1
8015,2
8016,1
8037,2
8043,1
8050,1
8060,1
8075,1
8079,1
8080,1
8084,1
8096,1
8103,4
8104,1
8205,3
8210,1
8244,1
8302,1
8318,1
8360,2
8401,1
8505,1
8540,3
8542,1
8609,1
8611,1
8618,2
8638,1
8648,2
8690,1
8701,1
8721,1
8724,1
8731,1
8742,1
8753,1
8755,1
8805,1
8820,1
8822,1
8826,2
8837,1
8844,2
8854,1
8857,1
8863,1
8865,1
8876,1
8879,1
8901,2
10002,1
10003,9
10009,1
10010,1
10011,3
10016,3
10019,1
10021,6
10023,1
10024,2
10025,2
10026,1
10027,3
10029,6
10031,1
10032,11
10033,1
10034,1
10035,3
10037,1
10038,1
10040,2
10044,3
10128,1
10301,2
10304,1
10305,3
10309,1
10310,1
10451,3
10452,2
10453,3
10454,2
10455,2
10456,4
10457,9
10458,2
10459,2
10460,1
10461,12
10462,1
10463,1
10466,1
10467,2
10468,2
10469,1
10472,2
10473,2
10474,2
10507,1
10512,1
10514,1
10516,1
10522,1
10524,1
10532,1
10536,1
10543,1
10548,1
10549,1
10550,2
10562,2
10567,1
10573,1
10580,1
10591,1
10595,2
10601,1
10605,1
10701,4
10703,2
10704,1
10708,1
10710,1
10901,2
10924,2
10940,3
10950,1
10960,1
10962,3
10977,1
10987,1
10990,2
10993,1
10996,1
11005,9
11030,3
11102,2
11201,3
11203,9
11204,1
11205,1
11206,2
11207,2
11209,1
11212,3
11213,4
11214,1
11215,1
11216,1
11217,3
11219,1
11220,1
11221,2
11222,1
11224,2
11226,2
11229,2
11231,1
11233,2
11234,2
11235,1
11236,1
11237,1
11238,2
11355,2
11360,1
11373,2
11375,1
11414,1
11418,1
11423,1
11426,3
11432,1
11501,1
11520,1
11542,1
11552,1
11554,1
11557,1
11561,4
11570,1
11572,1
11576,1
11580,1
11691,1
11701,2
11706,1
11714,1
11717,2
11743,1
11747,1
11768,1
11772,1
11777,2
11787,2
11790,1
11791,1
11795,1
11797,1
11803,1
11901,1
11944,1
11951,1
11968,1
12010,3
12043,2
12078,1
12095,1
12180,3
12198,1
12202,2
12203,1
12204,1
12208,3
12210,1
12302,1
12304,1
12307,1
12308,1
12309,1
12401,2
12414,1
12428,1
12455,1
12518,1
12534,2
12550,1
12553,1
12572,1
12590,1
12601,3
12701,2
12734,1
12754,2
12771,1
12801,1
12804,1
12866,1
12883,1
12901,1
12932,1
12946,2
12953,2
12983,1
13021,4
13026,1
13032,1
13045,2
13088,1
13126,2
13148,2
13165,1
13202,1
13203,1
13208,1
13210,8
13215,3
13323,1
13326,1
13346,1
13365,1
13367,1
13403,1
13413,1
13421,2
13440,2
13454,1
13501,3
13502,2
13601,1
13602,1
13607,1
13619,1
13642,1
13662,1
13669,2
13676,1
13690,1
13743,1
13753,1
13790,1
13811,1
13815,1
13820,4
13827,1
13838,1
13856,1
13903,1
13904,1
13905,2
14020,2
14048,1
14081,1
14086,1
14092,1
14094,3
14103,1
14108,1
14120,1
14129,1
14141,1
14203,3
14204,1
14208,1
14209,1
14213,1
14214,1
14215,2
14217,1
14220,1
14221,1
14222,1
14224,1
14225,1
14301,1
14411,2
14420,2
14424,2
14432,1
14437,1
14445,1
14454,1
14456,1
14513,2
14521,2
14527,1
14569,2
14607,1
14611,1
14620,2
14621,1
14623,1
14626,1
14642,4
14701,3
14727,1
14760,4
14787,1
14802,1
14810,3
14830,1
14843,1
14850,3
14853,1
14865,1
14883,1
14892,1
14895,1
14901,5
14905,1
15001,1
15009,2
15017,2
15022,1
15025,1
15061,2
15063,1
15065,1
15068,1
15071,1
15101,1
15102,1
15104,1
15120,1
15132,1
15136,1
15142,1
15143,2
15146,2
15201,2
15202,3
15203,1
15206,2
15212,3
15213,11
15215,2
15216,1
15217,1
15219,3
15221,2
15224,1
15232,2
15241,1
15243,1
15301,2
15317,1
15333,1
15370,1
15401,1
15425,1
15501,2
15537,1
15552,1
15601,2
15644,2
15650,1
15666,1
15701,1
15714,1
15717,1
15767,1
15801,1
15825,1
15857,1
15905,3
15963,1
16001,3
16002,1
16025,1
16066,1
16105,1
16117,1
16121,1
16125,1
16127,1
16142,1
16146,1
16154,1
16201,1
16214,3
16335,2
16342,2
16353,1
16354,1
16365,3
16407,1
16415,1
16438,1
16501,1
16502,1
16504,1
16505,1
16507,3
16509,1
16511,1
16601,2
16602,2
16630,1
16635,1
16646,1
16652,1
16673,1
16686,1
16701,1
16735,1
16801,1
16828,1
16830,1
16901,1
16915,1
16947,1
17011,1
17013,3
17022,1
17033,1
17042,2
17044,2
17055,2
17101,1
17103,2
17109,1
17110,1
17201,1
17233,1
17257,2
17268,3
17325,2
17331,1
17402,1
17403,2
17522,1
17543,1
17602,1
17603,2
17701,2
17740,1
17745,2
17756,1
17764,1
17801,1
17815,1
17821,2
17837,1
17866,1
17870,1
17901,2
17921,1
18015,1
18017,1
18020,1
18042,3
18069,1
18071,1
18102,1
18103,1
18104,3
18109,2
18201,2
18218,1
18235,1
18301,1
18407,1
18411,2
18431,1
18452,1
18504,1
18505,1
18508,1
18509,1
18510,4
18517,1
18603,1
18617,1
18634,1
18657,1
18702,3
18704,1
18705,2
18801,1
18840,1
18847,1
18848,1
18901,2
18938,1
18951,1
18960,1
18974,2
19001,1
19002,2
19006,1
19007,1
19010,1
19013,2
19018,1
19020,1
19026,1
19027,2
19030,1
19034,1
19038,1
19041,1
19046,2
19047,2
19050,2
19053,1
19063,1
19064,1
19078,1
19081,1
19083,1
19085,2
19096,1
19102,1
19103,1
19104,5
19107,3
19111,7
19114,1
19118,1
19122,2
19123,1
19124,3
19125,1
19128,2
19129,1
19130,2
19131,6
19133,1
19134,2
19139,1
19140,3
19141,1
19143,3
19144,2
19145,2
19148,1
19152,1
19154,1
19320,4
19330,1
19335,1
19355,4
19380,2
19390,1
19401,6
19403,3
19426,1
19444,1
19446,2
19460,2
19464,2
19512,1
19526,2
19533,2
19560,1
19565,1
19601,2
19602,1
19604,1
19605,2
19606,1
19608,1
19610,3
19611,2
19701,1
19713,2
19720,3
19801,2
19802,3
19803,1
19805,2
19807,1
19808,1
19904,1
19947,1
19958,1
19963,1
19973,1
20001,8
20002,8
20003,3
20004,1
20005,1
20006,1
20007,2
20009,5
20010,6
20011,3
20012,1
20015,1
20016,4
20017,5
20018,1
20019,1
20020,8
20024,1
20032,5
20037,6
20057,4
20105,1
20110,1
20175,1
20176,4
20186,1
20190,2
20602,2
20603,1
20640,2
20646,3
20650,3
20653,1
20670,1
20678,3
20706,1
20707,2
20716,1
20735,1
20737,1
20744,1
20755,1
20762,1
20782,1
20783,1
20785,3
20794,1
20814,3
20815,1
20817,3
20832,1
20850,6
20852,1
20860,2
20895,1
20902,2
20906,1
20910,3
20912,2
21005,1
21012,1
21014,3
21015,1
21032,2
21040,1
21042,1
21043,2
21044,1
21054,1
21057,1
21060,2
21061,2
21078,4
21093,1
21108,1
21111,1
21113,1
21117,1
21122,1
21132,1
21133,2
21157,3
21201,3
21202,2
21204,8
21205,2
21207,2
21208,1
21209,2
21211,3
21213,1
21214,1
21215,7
21217,2
21218,5
21223,2
21224,1
21225,2
21228,1
21229,4
21230,2
21237,1
21239,1
21251,1
21286,1
21401,6
21502,2
21532,2
21550,1
21601,1
21613,3
21619,1
21620,3
21629,1
21638,1
21643,1
21651,1
21701,1
21702,1
21716,1
21740,2
21742,2
21756,1
21771,1
21780,1
21783,1
21784,2
21795,1
21798,1
21801,4
21804,3
21811,2
21813,1
21817,1
21842,4
21851,1
21863,1
21903,1
21919,1
21921,1
22003,3
22030,3
22033,4
22042,2
22043,1
22060,4
22191,1
22203,1
22204,1
22207,1
22211,2
22302,3
22304,1
22306,1
22311,1
22401,5
22405,1
22406,1
22407,1
22408,1
22554,2
22560,1
22576,1
22601,1
22630,1
22664,1
22701,1
22747,1
22801,2
22802,1
22835,1
22902,1
22903,8
22911,1
22937,1
22939,1
22942,1
22980,1
23005,3
23061,2
23111,2
23114,2
23116,2
23124,1
23185,1
23188,2
23219,7
23220,5
23222,1
23223,2
23224,1
23225,1
23226,2
23227,4
23229,2
23230,1
23235,1
23294,1
23298,2
23320,1
23336,1
23413,1
23434,2
23435,1
23451,1
23454,2
23455,1
23456,1
23502,5
23504,1
23505,1
23507,4
23508,1
23601,1
23602,2
23604,1
23607,3
23663,2
23665,1
23666,2
23669,1
23704,2
23707,1
23708,1
23801,1
23803,2
23805,4
23824,1
23834,2
23847,6
23851,1
23860,4
23875,1
23901,2
23922,1
23927,1
23970,1
24013,1
24014,3
24016,6
24017,1
24060,2
24070,1
24073,2
24112,2
24134,1
24141,1
24151,1
24153,3
24171,1
24179,1
24201,2
24211,1
24219,1
24228,1
24266,1
24273,2
24277,1
24293,1
24301,1
24333,1
24354,3
24382,1
24401,4
24422,1
24426,2
24445,1
24450,2
24501,2
24503,2
24504,1
24523,1
24531,1
24540,2
24541,3
24572,1
24592,2
24614,1
24641,2
24651,1
24701,5
24740,2
24801,1
24901,2
24954,1
25064,1
25130,1
25136,1
25271,1
25276,1
25301,6
25304,2
25309,1
25401,2
25411,1
25438,1
25526,2
25550,1
25601,1
25661,1
25701,3
25702,2
25704,1
25705,2
25801,4
25901,1
25951,1
26003,3
26038,1
26062,1
26101,3
26147,1
26155,1
26175,1
26201,1
26241,1
26261,1
26288,1
26301,2
26354,1
26416,1
26452,2
26505,4
26537,1
26554,4
26624,1
26651,1
26726,1
26757,1
26764,1
26847,1
27016,1
27028,2
27030,1
27055,1
27101,1
27103,5
27104,1
27203,1
27215,1
27262,1
27284,1
27288,1
27292,1
27320,1
27330,1
27344,1
27360,1
27371,1
27401,4
27403,2
27405,2
27406,1
27408,1
27509,2
27511,1
27514,7
27526,2
27530,1
27531,1
27534,2
27536,1
27549,1
27565,1
27573,1
27577,1
27603,2
27607,3
27609,1
27610,3
27612,1
27614,1
27704,4
27705,4
27804,3
27810,1
27828,1
27834,1
27858,1
27870,1
27874,1
27886,1
27889,1
27892,2
27893,1
27909,1
27910,2
27932,1
27959,1
27962,1
27983,1
28001,1
28025,1
28054,1
28078,1
28086,1
28092,2
28105,1
28112,1
28115,1
28117,1
28139,1
28144,2
28150,1
28152,1
28170,1
28203,2
28204,4
28205,2
28207,1
28210,1
28262,1
28301,2
28304,2
28307,1
28328,1
28334,1
28337,1
28340,1
28345,1
28349,1
28352,1
28358,1
28364,1
28373,1
28374,2
28379,1
28403,2
28411,1
28425,1
28461,1
28462,1
28472,1
28501,2
28504,1
28532,1
28546,2
28547,1
28557,1
28560,1
28577,2
28601,1
28602,1
28604,1
28605,1
28607,1
28612,1
28621,1
28625,1
28640,1
28645,1
28655,2
28657,1
28659,1
28675,1
28677,1
28711,1
28712,1
28713,1
28714,1
28719,1
28721,1
28722,1
28734,1
28741,1
28752,1
28777,1
28779,1
28791,2
28792,1
28801,6
28805,1
28906,1
29003,1
29010,2
29020,1
29051,1
29063,2
29072,2
29102,1
29108,1
29117,2
29118,1
29150,3
29152,1
29169,5
29180,1
29201,8
29203,8
29204,4
29206,1
29209,1
29212,6
29223,2
29229,1
29302,1
29303,5
29306,1
29307,1
29325,4
29340,2
29341,1
29360,1
29379,1
29388,1
29401,8
29403,4
29405,4
29406,6
29407,2
29412,1
29414,4
29440,3
29461,1
29464,2
29472,1
29479,1
29485,2
29488,2
29501,3
29505,3
29506,6
29512,3
29520,1
29526,3
29532,2
29536,1
29540,2
29550,2
29554,1
29556,2
29560,2
29566,2
29569,1
29571,2
29572,5
29576,2
29579,1
29601,5
29605,6
29609,2
29615,7
29620,1
29621,9
29625,1
29632,1
29640,1
29646,4
29650,3
29651,2
29657,1
29671,1
29672,1
29678,3
29680,1
29681,1
29690,2
29706,1
29715,1
29720,2
29732,6
29745,1
29801,5
29812,1
29824,1
29827,1
29835,1
29902,4
29909,1
29924,1
29926,3
29927,1
29936,1
30012,1
30014,2
30030,2
30033,2
30034,1
30040,1
30041,1
30045,1
30058,2
30060,1
30076,1
30078,2
30080,2
30084,2
30106,1
30108,1
30110,1
30114,2
30117,2
30120,1
30121,2
30122,1
30125,2
30134,2
30143,2
30152,1
30153,1
30157,1
30161,1
30165,3
30180,1
30188,1
30214,2
30217,2
30224,2
30230,1
30233,1
30236,3
30240,2
30263,2
30273,1
30274,4
30281,1
30286,1
30297,1
30303,3
30306,3
30307,4
30308,6
30309,2
30310,1
30312,2
30318,3
30319,3
30322,1
30327,3
30329,3
30331,2
30338,4
30339,1
30340,1
30341,1
30342,3
30344,1
30349,1
30401,1
30417,1
30428,1
30434,1
30439,1
30442,3
30453,2
30458,4
30467,1
30474,1
30501,2
30512,2
30513,1
30518,1
30525,4
30529,1
30533,1
30535,2
30540,1
30546,1
30577,1
30601,1
30602,1
30606,3
30635,2
30642,1
30643,2
30650,1
30655,1
30662,2
30673,1
30680,1
30701,2
30705,1
30720,1
30742,2
30747,2
30757,1
30824,1
30830,2
30904,3
30905,1
30906,3
30909,1
30912,4
31014,1
31015,1
31021,3
31023,1
31024,1
31029,1
31030,1
31036,1
31041,1
31055,1
31061,4
31063,2
31064,1
31066,1
31069,1
31082,1
31087,1
31088,1
31092,1
31201,7
31210,3
31217,2
31313,1
31314,1
31329,1
31401,1
31404,1
31405,3
31406,3
31419,2
31501,2
31510,1
31513,2
31516,1
31520,2
31533,1
31537,3
31539,1
31545,2
31558,1
31602,4
31620,1
31632,1
31634,1
31635,1
31639,1
31643,1
31701,2
31709,1
31730,1
31750,2
31763,1
31768,2
31774,1
31788,1
31791,1
31792,3
31794,1
31803,1
31825,1
31830,2
31833,1
31901,6
31904,1
31905,1
31907,1
31909,1
32025,2
32034,1
32043,1
32052,2
32054,2
32055,2
32063,2
32064,2
32073,1
32084,2
32086,1
32091,1
32114,2
32117,1
32129,1
32159,1
32164,1
32168,1
32174,1
32176,1
32177,3
32204,4
32206,1
32207,6
32209,6
32211,1
32214,1
32216,5
32221,1
32224,1
32250,2
32256,1
32258,1
32308,5
32320,1
32322,1
32324,2
32340,1
32347,1
32351,2
32401,2
32404,1
32405,2
32409,1
32424,1
32425,1
32428,1
32435,2
32440,1
32446,3
32448,1
32456,1
32501,6
32504,3
32507,1
32514,1
32535,1
32536,1
32539,1
32542,1
32547,1
32548,2
32550,1
32561,1
32563,1
32565,1
32570,2
32578,1
32601,1
32605,1
32606,1
32608,1
32609,1
32611,1
32696,1
32701,1
32703,1
32720,2
32746,1
32750,2
32751,1
32757,1
32763,1
32771,1
32778,1
32784,1
32789,1
32792,2
32796,1
32801,2
32803,3
32804,1
32805,1
32806,2
32808,2
32810,1
32818,1
32819,1
32822,1
32901,4
32907,1
32925,1
32931,1
32934,1
32940,1
32955,2
32958,1
32960,2
33012,4
33013,1
33016,1
33020,2
33021,4
33023,1
33024,2
33025,3
33026,1
33027,1
33030,1
33033,1
33040,4
33050,1
33062,1
33063,1
33064,1
33065,1
33069,1
33070,1
33125,5
33126,1
33127,1
33128,1
33131,1
33133,1
33134,3
33136,8
33137,2
33139,1
33140,4
33141,1
33143,3
33145,1
33146,2
33150,3
33155,4
33157,1
33160,1
33161,2
33162,2
33167,2
33169,3
33172,2
33173,2
33175,1
33176,3
33180,1
33181,2
33187,1
33189,1
33190,1
33301,3
33305,1
33308,4
33311,5
33313,2
33316,3
33317,1
33321,2
33324,2
33326,1
33331,1
33334,1
33351,3
33401,3
33407,4
33410,1
33414,1
33418,1
33428,1
33430,1
33435,1
33440,2
33444,1
33458,1
33460,1
33461,2
33462,2
33469,1
33470,2
33476,1
33483,1
33484,3
33486,1
33511,4
33525,1
33540,1
33563,1
33573,1
33602,1
33603,3
33605,1
33606,3
33607,1
33609,2
33610,5
33611,3
33612,5
33613,2
33614,3
33615,1
33616,1
33618,2
33619,1
33620,2
33621,2
33701,8
33703,1
33704,1
33705,7
33707,2
33708,2
33709,1
33710,1
33712,2
33713,1
33756,3
33770,2
33772,1
33773,2
33774,1
33776,1
33778,1
33781,1
33782,1
33805,2
33823,1
33825,2
33830,2
33837,1
33852,1
33853,1
33870,1
33872,1
33873,2
33880,1
33881,1
33901,2
33908,1
33912,1
33916,2
33950,2
33952,2
33971,1
33983,1
33990,1
34102,1
34110,1
34113,1
34114,1
34119,1
34202,1
34208,1
34209,1
34210,1
34223,1
34232,1
34239,3
34240,2
34266,3
34285,1
34428,2
34429,1
34449,1
34452,1
34461,2
34465,1
34471,2
34474,2
34601,1
34608,1
34609,2
34613,1
34652,2
34653,1
34667,1
34689,1
34695,1
34698,2
34711,1
34734,2
34741,4
34747,1
34748,2
34769,1
34950,1
34952,3
34972,1
34981,1
34982,1
34994,1
34997,1
35007,1
35010,1
35016,1
35022,1
35042,1
35045,1
35055,1
35058,1
35073,1
35121,1
35125,1
35128,1
35150,1
35160,1
35180,1
35205,5
35209,2
35210,1
35211,1
35212,1
35213,2
35218,1
35233,13
35234,1
35235,2
35242,1
35243,1
35401,7
35404,2
35406,3
35444,1
35447,1
35460,1
35462,1
35476,1
35487,1
35501,3
35504,1
35555,1
35565,1
35570,1
35581,1
35582,1
35592,1
35594,1
35601,2
35603,2
35611,1
35618,1
35630,2
35640,1
35645,1
35650,1
35653,2
35660,1
35661,2
35758,1
35768,2
35772,1
35801,4
35901,1
35903,2
35904,1
35905,1
35950,1
35957,2
35960,1
35967,2
35968,1
35976,2
36010,1
36027,1
36033,1
36037,1
36049,1
36067,1
36078,1
36081,2
36083,2
36089,1
36092,1
36104,2
36106,2
36107,1
36108,1
36109,1
36111,1
36116,2
36117,3
36207,3
36251,1
36265,1
36274,1
36278,1
36301,5
36303,3
36323,1
36330,1
36340,1
36345,1
36360,1
36362,1
36401,1
36420,1
36426,1
36442,1
36451,1
36460,3
36467,1
36502,3
36507,1
36518,1
36526,1
36532,1
36535,1
36545,2
36560,2
36572,1
36604,1
36607,1
36608,3
36617,2
36688,1
36693,3
36695,1
36701,3
36703,1
36726,1
36732,1
36744,1
36748,1
36756,1
36767,1
36784,3
36801,1
36853,1
36854,1
36862,1
36867,2
36870,1
36925,1
37013,2
37015,1
37030,2
37033,1
37040,1
37043,1
37055,1
37061,1
37064,1
37066,2
37067,1
37074,1
37075,1
37076,1
37083,1
37087,2
37091,2
37096,1
37110,2
37115,3
37130,2
37148,1
37160,1
37166,2
37167,1
37172,2
37185,1
37190,1
37203,14
37204,1
37205,1
37206,2
37207,2
37208,3
37209,1
37210,2
37211,1
37212,6
37214,4
37216,1
37217,1
37218,2
37240,2
37303,2
37311,2
37312,2
37317,1
37321,1
37331,1
37334,2
37339,1
37343,1
37347,1
37355,4
37367,1
37375,1
37379,1
37380,1
37381,1
37388,1
37397,1
37398,1
37402,1
37403,2
37404,2
37405,1
37406,3
37412,1
37415,1
37421,3
37601,2
37604,3
37616,1
37620,1
37643,3
37650,1
37660,3
37664,2
37683,1
37743,2
37745,1
37748,1
37760,1
37762,1
37766,1
37771,1
37774,1
37777,1
37803,1
37804,1
37814,2
37820,1
37821,1
37830,5
37841,1
37854,1
37857,2
37862,1
37869,1
37874,1
37879,1
37909,1
37916,3
37917,3
37918,2
37919,1
37920,2
37922,3
37923,1
38008,2
38012,2
38017,1
38019,2
38024,1
38063,4
38068,1
38103,7
38104,2
38105,8
38106,1
38108,1
38111,1
38114,1
38116,1
38117,1
38118,2
38119,3
38120,3
38128,1
38133,1
38138,1
38152,1
38201,1
38230,1
38237,2
38242,1
38261,1
38301,2
38305,1
38320,1
38340,3
38343,2
38344,1
38351,1
38358,1
38363,1
38372,1
38375,1
38382,2
38401,1
38462,1
38464,3
38469,1
38478,2
38485,1
38501,1
38551,2
38555,1
38556,1
38562,1
38570,1
38583,1
38606,1
38614,1
38635,4
38646,1
38652,1
38654,1
38655,2
38663,1
38666,1
38668,1
38671,1
38676,1
38701,1
38703,1
38732,1
38737,1
38748,1
38751,2
38771,2
38774,1
38801,2
38804,1
38821,2
38824,1
38829,1
38834,2
38843,1
38851,1
38852,1
38860,1
38863,1
38901,1
38916,1
38921,1
38930,1
38965,1
38967,1
39038,1
39042,1
39046,1
39051,1
39063,1
39069,1
39074,1
39083,1
39090,1
39095,2
39111,1
39114,1
39117,3
39120,3
39150,1
39153,1
39159,1
39180,1
39183,2
39194,1
39202,2
39204,1
39208,2
39213,1
39216,5
39232,4
39301,3
39307,2
39323,1
39328,1
39339,2
39341,1
39345,2
39350,2
39355,1
39365,1
39367,1
39401,2
39402,2
39422,1
39428,1
39429,1
39437,1
39440,2
39451,1
39452,1
39466,1
39470,1
39474,1
39475,1
39476,1
39501,2
39503,2
39520,2
39530,2
39531,1
39534,1
39560,1
39564,1
39577,1
39581,1
39601,3
39631,1
39648,1
39652,1
39653,1
39654,1
39667,1
39705,2
39730,2
39735,1
39744,1
39747,1
39759,1
39773,2
39813,1
39817,2
39819,1
39823,1
39828,1
39837,1
39840,1
39842,1
39845,1
40004,1
40019,1
40031,1
40033,1
40056,1
40065,1
40121,1
40143,1
40160,1
40202,10
40203,2
40204,2
40205,1
40206,1
40207,3
40208,1
40209,2
40213,1
40214,1
40215,2
40217,3
40218,2
40222,2
40223,1
40242,1
40272,1
40291,1
40311,1
40324,1
40330,1
40336,1
40351,1
40353,2
40361,1
40383,2
40391,1
40403,1
40422,1
40444,1
40456,1
40475,1
40484,1
40502,1
40503,2
40504,3
40508,4
40509,2
40511,2
40601,2
40701,1
40741,1
40823,1
40831,1
40906,1
40962,2
40965,1
40977,1
40988,1
41008,1
41011,2
41014,1
41017,2
41031,1
41041,1
41042,1
41056,1
41071,1
41074,1
41075,1
41076,1
41097,1
41101,1
41169,1
41179,1
41230,1
41240,2
41339,1
41472,1
41501,1
41503,1
41537,1
41572,1
41602,1
41647,1
41649,1
41701,1
41749,1
41839,1
41858,1
42001,1
42003,2
42025,1
42031,1
42041,2
42064,1
42066,1
42071,1
42078,1
42101,2
42104,2
42134,1
42141,1
42164,1
42167,1
42211,1
42223,3
42240,3
42276,1
42301,1
42303,1
42345,1
42347,1
42408,1
42420,1
42431,1
42437,1
42445,1
42503,1
42602,1
42633,1
42642,1
42701,2
42717,1
42718,1
42728,1
42743,1
42749,1
42754,1
43015,1
43016,1
43040,1
43050,5
43054,1
43055,4
43078,1
43081,1
43110,1
43113,1
43123,1
43130,2
43138,1
43140,1
43160,1
43201,1
43203,1
43205,2
43206,1
43207,4
43209,1
43210,7
43213,1
43214,1
43215,1
43222,2
43223,3
43227,1
43228,1
43302,1
43311,1
43326,2
43338,1
43351,1
43402,1
43420,1
43452,1
43506,1
43512,2
43526,1
43537,2
43543,1
43545,2
43560,3
43567,1
43604,1
43606,2
43608,1
43610,2
43614,4
43615,1
43616,2
43623,1
43624,2
43701,3
43713,3
43725,3
43812,2
43906,2
43907,1
43920,2
43935,1
43950,1
43952,3
43953,1
44001,2
44004,2
44022,1
44024,2
44030,1
44035,2
44041,1
44052,1
44053,3
44060,3
44067,3
44070,1
44074,1
44077,2
44090,1
44094,2
44102,3
44103,6
44104,2
44105,1
44106,6
44107,3
44108,3
44109,3
44111,3
44112,2
44113,2
44115,3
44119,1
44120,4
44121,2
44122,5
44124,1
44125,1
44128,2
44129,2
44130,2
44134,1
44135,1
44139,1
44140,1
44141,1
44143,1
44145,1
44146,1
44203,2
44221,1
44223,1
44243,1
44254,1
44256,1
44266,2
44281,1
44302,1
44304,2
44307,1
44308,2
44312,1
44460,1
44483,4
44484,2
44502,2
44505,2
44510,2
44512,4
44514,1
44601,1
44606,1
44621,2
44622,1
44641,1
44646,5
44654,1
44663,1
44667,2
44691,2
44702,1
44709,1
44710,2
44718,2
44805,1
44811,1
44820,1
44827,1
44830,1
44833,1
44836,1
44851,1
44857,1
44870,3
44875,1
44883,3
44890,1
44903,2
45005,2
45011,1
45013,1
45014,1
45036,1
45040,1
45044,2
45056,1
45069,2
45103,1
45121,1
45123,1
45133,1
45150,1
45177,1
45202,1
45206,1
45213,1
45214,1
45215,1
45216,3
45219,9
45220,5
45224,3
45227,2
45229,5
45236,1
45237,2
45238,2
45239,1
45241,2
45242,1
45246,1
45255,1
45314,1
45320,2
45331,1
45342,2
45365,1
45373,1
45380,1
45385,1
45404,2
45405,1
45406,2
45408,4
45409,1
45415,2
45417,2
45420,2
45429,1
45433,1
45439,1
45459,2
45502,1
45503,1
45504,2
45505,1
45601,2
45631,1
45640,1
45662,4
45669,1
45679,1
45690,1
45693,1
45701,5
45750,3
45764,1
45801,2
45804,2
45805,1
45817,1
45822,1
45828,1
45840,2
45875,1
45879,1
45885,1
45891,1
46011,1
46016,1
46032,2
46036,1
46041,1
46052,1
46062,1
46072,1
46077,1
46107,1
46112,1
46122,1
46131,2
46135,1
46140,2
46143,2
46151,1
46158,1
46173,1
46176,1
46202,7
46205,1
46208,1
46216,2
46218,1
46219,1
46222,4
46227,2
46234,1
46236,1
46237,1
46254,1
46256,5
46260,4
46278,1
46290,1
46307,2
46311,1
46312,2
46320,1
46321,2
46342,2
46350,1
46360,3
46368,1
46374,1
46383,2
46404,1
46410,3
46506,2
46514,1
46526,1
46528,1
46534,1
46544,2
46545,1
46563,2
46580,1
46601,1
46617,1
46637,1
46703,1
46706,1
46714,1
46725,1
46733,1
46750,1
46755,1
46761,1
46802,2
46804,2
46805,2
46818,1
46825,1
46835,1
46845,2
46901,3
46902,1
46947,3
46952,2
46953,1
46970,1
46975,1
46992,1
46996,1
47006,1
47025,2
47111,1
47112,1
47130,1
47150,6
47167,1
47170,1
47201,1
47203,1
47240,1
47250,2
47265,2
47274,1
47303,1
47331,1
47348,1
47362,2
47371,1
47374,3
47394,1
47403,2
47404,1
47421,2
47441,1
47454,1
47501,1
47542,1
47546,1
47586,1
47591,1
47601,1
47630,2
47670,1
47710,1
47711,1
47712,1
47714,3
47715,1
47802,1
47804,2
47834,1
47842,1
47882,1
47904,1
47906,1
47922,1
47933,1
47960,1
47978,1
47993,1
48001,1
48014,1
48034,1
48038,2
48040,2
48041,1
48043,5
48045,1
48047,1
48048,1
48054,2
48060,5
48065,1
48071,4
48073,1
48074,1
48075,2
48085,1
48089,2
48091,1
48092,1
48093,2
48097,2
48103,1
48104,1
48105,1
48109,2
48116,4
48117,1
48118,2
48124,1
48131,2
48135,3
48140,1
48144,3
48146,2
48152,1
48154,1
48160,1
48161,1
48162,6
48167,2
48176,2
48180,2
48182,2
48183,3
48184,1
48186,1
48192,1
48197,4
48198,2
48201,10
48202,2
48203,1
48207,2
48208,3
48210,1
48212,2
48213,1
48214,2
48220,1
48221,2
48223,1
48230,3
48234,3
48235,2
48236,2
48307,2
48309,1
48313,1
48322,1
48326,1
48334,2
48336,2
48341,4
48342,1
48353,1
48374,1
48382,2
48413,3
48415,2
48416,2
48420,1
48421,1
48422,1
48423,1
48427,2
48429,3
48430,3
48433,2
48438,1
48439,2
48441,2
48444,2
48446,5
48450,1
48451,1
48453,2
48455,1
48457,1
48458,1
48461,1
48466,1
48467,1
48468,1
48469,2
48471,3
48473,1
48475,2
48503,4
48504,1
48532,1
48601,1
48602,8
48603,6
48604,4
48611,3
48612,1
48615,1
48616,3
48617,3
48618,1
48621,1
48622,1
48623,1
48624,5
48625,2
48629,3
48631,1
48640,5
48650,2
48651,1
48653,4
48654,1
48655,2
48657,1
48658,1
48659,1
48661,7
48703,3
48706,7
48708,4
48722,1
48723,6
48725,1
48726,2
48731,1
48732,2
48733,1
48734,1
48739,3
48740,3
48741,2
48742,1
48744,1
48750,3
48755,3
48756,2
48759,2
48763,4
48768,1
48801,6
48806,2
48811,3
48813,2
48815,1
48817,2
48820,3
48827,2
48829,2
48831,1
48837,2
48838,3
48843,4
48846,4
48847,3
48849,1
48850,2
48851,1
48858,6
48864,2
48866,1
48867,3
48872,1
48875,2
48879,3
48880,1
48881,1
48883,2
48884,2
48888,1
48891,1
48893,1
48895,2
48910,2
48912,1
48915,2
48917,1
49006,2
49007,1
49008,1
49010,2
49012,1
49013,1
49014,2
49015,1
49017,4
49022,3
49024,1
49028,2
49031,4
49036,5
49038,3
49040,1
49043,1
49046,1
49047,5
49048,1
49053,1
49055,1
49057,1
49058,4
49065,1
49067,1
49068,2
49071,1
49073,1
49076,1
49078,1
49079,2
49080,2
49085,1
49089,1
49090,3
49091,9
49093,10
49097,1
49098,2
49099,2
49102,2
49103,4
49106,4
49107,2
49112,1
49117,1
49120,4
49127,1
49201,3
49202,5
49203,2
49221,7
49224,1
49228,1
49232,1
49236,2
49240,1
49242,5
49245,1
49250,1
49251,1
49252,1
49256,1
49265,2
49274,1
49286,4
49304,2
49306,1
49307,2
49310,1
49315,1
49316,2
49319,1
49321,1
49327,2
49330,1
49331,2
49333,1
49337,2
49341,2
49345,3
49346,1
49349,2
49401,4
49404,1
49408,1
49412,4
49417,3
49418,2
49419,1
49420,3
49421,1
49423,2
49424,1
49428,1
49431,8
49441,2
49442,7
49444,2
49445,2
49449,1
49451,1
49454,1
49455,2
49461,1
49464,1
49503,8
49506,2
49508,4
49509,2
49512,2
49519,1
49544,1
49546,4
49548,1
49601,7
49614,1
49615,3
49616,1
49620,1
49622,2
49629,1
49630,1
49631,2
49633,1
49635,5
49637,1
49640,1
49643,1
49645,1
49646,2
49649,1
49657,1
49659,1
49660,3
49665,2
49668,1
49670,2
49675,1
49677,1
49682,5
49684,5
49686,4
49689,1
49706,1
49707,8
49712,1
49715,1
49720,2
49721,3
49725,1
49726,1
49727,3
49735,6
49738,6
49740,3
49749,2
49757,1
49762,2
49765,2
49766,1
49768,1
49770,10
49774,1
49775,1
49779,3
49781,2
49783,8
49788,2
49801,4
49802,2
49820,1
49821,1
49829,10
49831,1
49837,2
49839,1
49841,2
49849,2
49854,2
49855,10
49858,6
49862,2
49866,2
49868,4
49870,4
49874,2
49879,1
49887,1
49891,1
49893,1
49912,1
49913,4
49920,5
49930,4
49931,4
49935,3
49938,5
49945,2
49946,3
49953,4
49968,1
49969,2
49970,1
50002,2
50003,3
50009,4
50010,10
50014,3
50020,2
50021,5
50022,10
50025,7
50028,1
50029,4
50035,1
50036,8
50044,1
50047,4
50049,6
50054,1
50058,3
50060,10
50062,2
50063,1
50071,2
50072,1
50076,2
50109,1
50111,1
50112,11
50115,3
50122,1
50123,1
50124,1
50125,14
50126,7
50129,5
50130,1
50131,6
50138,11
50140,3
50144,5
50147,1
50153,1
50156,2
50158,12
50161,1
50169,1
50170,1
50171,2
50174,1
50201,4
50207,2
50208,9
50211,7
50212,2
50213,5
50216,6
50219,10
50220,8
50225,1
50228,3
50233,1
50240,1
50244,1
50247,2
50248,2
50249,2
50250,4
50251,1
50265,2
50266,5
50273,7
50276,2
50278,2
50309,5
50310,3
50311,2
50312,2
50314,4
50315,4
50316,6
50317,5
50320,1
50322,7
50325,10
50327,3
50401,26
50421,4
50423,5
50424,3
50428,6
50436,5
50438,5
50441,4
50447,2
50450,7
50452,1
50456,1
50458,2
50459,6
50461,4
50466,2
50468,2
50469,2
50472,3
50475,2
50476,1
50480,2
50483,1
50501,21
50510,1
50511,11
50514,2
50517,3
50519,1
50525,5
50530,2
50533,6
50536,8
50540,3
50543,3
50548,9
50554,2
50563,3
50565,1
50568,2
50574,7
50575,2
50579,3
50581,2
50583,4
50585,2
50588,14
50590,1
50595,6
50597,3
50601,2
50602,2
50604,2
50606,1
50613,9
50616,11
50619,1
50621,4
50622,2
50625,2
50627,3
50628,2
50630,3
50635,2
50636,1
50638,5
50643,1
50644,5
50648,2
50651,2
50653,1
50658,3
50659,9
50662,12
50665,3
50668,1
50669,3
50670,3
50674,4
50675,2
50676,1
50677,9
50682,1
50701,6
50702,5
50703,6
50707,2
50801,10
50830,1
50833,5
50840,1
50841,5
50846,2
50849,3
50851,4
50853,1
50854,6
50863,1
50864,3
51001,5
51003,1
51004,2
51005,2
51006,1
51012,12
51016,4
51023,5
51025,3
51027,2
51028,5
51031,15
51034,4
51035,4
51039,2
51040,4
51041,10
51046,5
51050,4
51054,2
51055,2
51058,3
51063,1
51101,6
51103,2
51104,16
51105,12
51106,8
51108,2
51109,1
51201,11
51237,3
51238,1
51239,3
51240,1
51241,3
51245,5
51246,5
51247,4
51248,3
51249,9
51250,6
51301,16
51334,6
51342,3
51346,5
51347,4
51351,4
51358,1
51360,14
51401,19
51436,1
51439,1
51442,11
51443,1
51445,6
51449,5
51450,6
51454,3
51455,3
51458,2
51461,2
51465,1
51466,2
51467,1
51501,6
51503,31
51521,2
51529,3
51530,1
51531,1
51534,6
51535,1
51537,9
51546,3
51551,3
51553,2
51555,5
51559,2
51560,2
51566,13
51570,1
51573,1
51577,2
51579,2
51601,8
51632,6
51638,2
51640,4
51652,5
51653,2
52001,19
52002,3
52003,1
52031,3
52033,3
52040,3
52042,3
52043,6
52049,2
52052,4
52057,5
52060,7
52076,3
52101,15
52132,1
52136,8
52141,1
52142,4
52151,4
52155,1
52157,3
52159,4
52161,1
52162,4
52172,6
52175,7
52203,2
52205,3
52208,2
52211,2
52214,1
52216,3
52224,2
52233,2
52237,1
52240,3
52241,8
52242,2
52245,9
52246,2
52247,5
52248,2
52249,2
52253,1
52255,2
52301,3
52302,7
52306,2
52310,4
52314,1
52316,2
52317,4
52333,2
52339,4
52342,1
52346,1
52347,1
52349,5
52353,15
52356,1
52358,3
52361,1
52362,1
52401,6
52402,7
52403,8
52404,5
52501,30
52531,7
52535,1
52537,10
52544,10
52551,2
52554,2
52556,15
52563,1
52565,5
52577,15
52590,3
52591,6
52601,18
52620,1
52623,2
52625,2
52626,2
52627,11
52632,9
52637,3
52639,1
52640,2
52641,16
52645,1
52651,1
52653,4
52654,2
52655,11
52656,3
52722,11
52726,1
52732,10
52738,4
52742,4
52747,1
52748,1
52751,1
52753,2
52755,2
52761,10
52772,3
52776,1
52777,1
52778,1
52801,1
52802,3
52803,3
52804,9
52806,10
52807,2
53014,1
53027,1
53039,1
53045,1
53051,1
53066,2
53072,1
53073,2
53074,1
53081,3
53083,1
53094,1
53095,2
53097,1
53098,1
53105,1
53110,1
53121,2
53140,1
53142,1
53143,2
53147,1
53158,1
53188,4
53204,1
53205,1
53206,1
53208,3
53209,1
53210,1
53211,4
53212,4
53213,1
53214,1
53215,6
53216,1
53221,1
53226,4
53227,3
53228,1
53233,6
53403,1
53405,1
53406,2
53511,1
53530,1
53533,1
53534,1
53538,2
53545,2
53546,1
53548,1
53549,1
53566,3
53578,1
53581,2
53588,1
53589,1
53704,1
53705,4
53706,1
53715,4
53719,1
53805,1
53813,2
53818,1
53821,1
53901,2
53913,1
53916,2
53925,1
53934,1
53948,1
53950,1
53959,1
53963,2
54001,1
54002,1
54016,1
54017,1
54020,1
54021,1
54022,2
54024,1
54115,1
54143,2
54153,2
54154,1
54157,1
54166,1
54220,3
54235,1
54241,1
54247,1
54301,4
54303,1
54311,2
54401,1
54403,3
54409,1
54449,4
54451,2
54452,1
54456,1
54476,1
54481,3
54487,1
54494,1
54501,2
54520,1
54521,1
54552,2
54568,1
54601,5
54612,1
54615,1
54634,2
54650,2
54656,3
54660,5
54665,1
54701,2
54703,3
54724,1
54729,2
54736,1
54751,3
54758,1
54768,1
54773,1
54801,1
54806,4
54812,1
54814,1
54822,1
54829,1
54840,2
54843,1
54848,1
54868,4
54871,1
54874,3
54880,3
54901,2
54904,2
54911,1
54914,1
54915,1
54923,1
54935,2
54937,1
54956,2
54961,1
54971,1
54981,1
54984,2
55008,5
55009,4
55013,1
55021,1
55024,1
55025,2
55033,5
55041,4
55045,1
55051,1
55056,3
55057,1
55060,7
55063,5
55066,4
55069,2
55072,3
55082,4
55092,1
55101,4
55102,8
55103,2
55104,2
55106,3
55109,1
55125,1
55302,3
55307,3
55308,1
55312,1
55313,6
55314,1
55317,1
55318,5
55319,1
55320,1
55321,1
55325,2
55328,2
55329,2
55330,11
55332,1
55333,1
55334,2
55335,1
55336,2
55337,1
55342,1
55345,1
55349,2
55350,4
55352,1
55354,1
55355,8
55362,4
55368,1
55369,1
55371,2
55372,2
55374,1
55376,1
55379,7
55385,1
55386,2
55387,3
55388,1
55389,4
55390,1
55395,3
55396,2
55398,2
55403,3
55404,6
55406,1
55407,1
55414,1
55415,6
55416,1
55417,1
55419,1
55422,3
55432,1
55433,2
55435,1
55454,3
55455,1
55604,3
55614,2
55615,1
55616,6
55705,2
55706,1
55718,1
55719,6
55720,4
55723,1
55724,1
55726,2
55731,2
55734,3
55736,1
55744,5
55746,6
55760,2
55767,2
55769,2
55790,1
55792,5
55802,2
55804,2
55805,4
55807,2
55810,2
55811,5
55901,6
55902,2
55904,5
55906,1
55909,2
55912,4
55917,2
55920,1
55921,2
55923,1
55936,2
55939,1
55940,2
55943,2
55944,1
55946,2
55947,4
55951,2
55952,1
55954,2
55960,1
55961,1
55963,2
55964,3
55965,2
55971,1
55972,2
55975,3
55976,4
55981,4
55983,2
55987,9
55992,3
56001,13
56003,2
56007,8
56011,1
56013,6
56014,1
56016,1
56019,1
56027,1
56031,6
56048,2
56051,1
56054,1
56055,3
56058,3
56062,4
56063,1
56065,2
56069,1
56071,5
56072,2
56073,4
56081,4
56082,8
56085,4
56087,3
56088,2
56093,3
56096,2
56097,1
56098,1
56101,4
56122,1
56123,1
56128,1
56129,1
56131,2
56136,2
56137,2
56142,1
56143,5
56144,1
56149,1
56150,3
56152,2
56156,5
56159,2
56164,5
56171,1
56172,3
56175,3
56176,3
56178,3
56180,1
56183,1
56187,5
56201,7
56208,3
56209,1
56214,1
56215,9
56219,2
56220,4
56221,1
56222,4
56223,2
56225,1
56228,1
56229,1
56232,4
56240,2
56241,3
56244,1
56252,4
56256,5
56257,2
56258,5
56262,2
56264,1
56265,6
56266,2
56267,3
56273,2
56277,4
56278,2
56283,6
56284,2
56288,1
56293,1
56296,3
56303,15
56304,3
56307,3
56308,5
56309,2
56310,1
56312,3
56316,1
56320,2
56326,1
56329,2
56334,4
56336,1
56339,2
56340,1
56345,7
56347,3
56352,3
56359,2
56360,2
56361,1
56362,4
56364,3
56368,1
56374,1
56377,2
56378,2
56379,1
56381,3
56387,2
56401,8
56425,1
56431,3
56437,1
56438,1
56440,2
56441,2
56442,1
56466,1
56470,2
56472,1
56474,2
56479,2
56482,1
56484,4
56501,6
56510,2
56514,2
56515,3
56520,2
56531,2
56535,2
56537,8
56540,1
56542,4
56544,2
56548,2
56549,1
56554,1
56556,1
56557,2
56560,5
56567,2
56569,1
56572,3
56573,3
56575,1
56584,3
56585,2
56601,5
56621,4
56623,3
56627,1
56628,3
56630,2
56633,2
56634,1
56636,3
56649,3
56650,2
56653,1
56655,1
56661,2
56666,2
56672,1
56701,3
56716,7
56721,1
56726,2
56728,2
56732,2
56742,1
56750,2
56751,3
56757,1
56762,2
56763,2
57006,1
57013,1
57022,1
57028,1
57029,1
57042,1
57049,1
57059,1
57066,1
57069,1
57070,1
57078,2
57105,6
57201,2
57226,1
57231,1
57252,1
57262,2
57274,1
57301,2
57313,1
57325,1
57350,2
57362,1
57366,1
57369,1
57380,1
57382,1
57401,2
57428,1
57430,1
57437,1
57438,1
57442,1
57450,1
57469,2
57501,1
57523,1
57533,1
57551,1
57567,1
57572,1
57580,1
57601,1
57633,1
57638,1
57642,1
57701,3
57702,3
57730,1
57732,1
57741,1
57747,3
57770,1
57783,3
57785,1
58045,1
58054,1
58072,1
58102,5
58103,3
58104,1
58201,3
58220,1
58237,1
58249,1
58254,1
58257,1
58267,1
58270,1
58275,1
58301,1
58316,1
58318,1
58324,1
58341,1
58367,1
58368,1
58401,4
58421,1
58425,1
58474,1
58495,1
58501,3
58533,1
58538,1
58540,1
58545,1
58552,1
58554,1
58575,1
58601,1
58623,1
58639,1
58652,1
58701,2
58705,1
58730,1
58746,1
58784,1
58801,1
58852,1
58854,1
59001,1
59011,3
59014,1
59019,4
59022,1
59034,4
59047,9
59068,4
59072,1
59085,4
59101,2
59102,1
59201,4
59215,2
59218,3
59221,1
59230,5
59254,6
59255,3
59263,5
59270,3
59301,9
59313,5
59324,3
59327,3
59330,5
59337,1
59347,1
59349,3
59353,2
59401,3
59404,1
59405,11
59417,2
59422,5
59425,4
59427,5
59436,1
59442,4
59446,1
59448,1
59457,8
59474,4
59479,1
59486,1
59501,4
59520,3
59522,3
59523,2
59526,1
59538,3
59601,23
59602,3
59632,3
59634,1
59639,1
59644,4
59645,4
59701,24
59711,5
59714,1
59715,8
59718,1
59722,10
59725,5
59729,3
59735,1
59741,1
59749,3
59752,1
59758,1
59759,1
59801,10
59802,12
59803,2
59804,6
59821,1
59828,1
59832,1
59834,1
59840,10
59844,1
59845,2
59847,1
59853,1
59858,4
59859,4
59860,7
59864,6
59865,2
59868,3
59870,5
59872,4
59873,1
59874,1
59901,12
59911,2
59912,3
59915,1
59917,3
59923,5
59925,1
59935,1
59937,8
60005,2
60007,4
60010,1
60012,1
60016,1
60026,1
60033,1
60035,1
60045,1
60048,1
60050,2
60062,1
60068,2
60076,2
60085,2
60088,3
60098,2
60099,2
60101,1
60115,2
60120,1
60123,3
60126,1
60130,1
60134,2
60139,2
60141,10
60160,2
60164,1
60178,2
60187,2
60190,2
60194,3
60201,1
60202,1
60302,1
60304,1
60402,1
60406,1
60411,1
60417,1
60420,1
60426,1
60429,1
60435,1
60440,1
60450,1
60451,1
60452,1
60453,1
60458,1
60461,1
60464,1
60467,2
60477,1
60504,1
60506,3
60515,1
60521,2
60525,1
60526,1
60540,2
60546,1
60548,1
60560,1
60607,1
60608,2
60609,1
60610,2
60611,9
60612,5
60613,3
60614,6
60615,2
60616,2
60617,2
60621,1
60622,3
60623,1
60624,4
60625,5
60628,1
60629,2
60631,1
60634,3
60637,10
60640,6
60641,1
60644,2
60645,1
60649,3
60657,2
60706,1
60707,1
60805,1
60901,2
60936,2
60942,1
60970,1
61008,2
61021,1
61032,2
61036,1
61068,1
61081,1
61101,1
61103,1
61104,1
61107,1
61201,2
61231,1
61240,1
61244,2
61254,2
61265,3
61270,3
61282,1
61301,1
61342,2
61350,1
61354,1
61356,1
61362,1
61364,1
61401,3
61443,2
61455,5
61462,1
61520,3
61530,1
61554,1
61603,2
61606,1
61614,1
61615,1
61701,3
61727,1
61747,1
61755,1
61761,2
61764,2
61801,4
61820,3
61832,4
61856,1
61920,1
61938,2
61944,1
62002,7
62016,1
62033,1
62040,1
62049,1
62052,2
62056,1
62062,1
62088,1
62092,1
62201,1
62205,2
62207,1
62220,1
62225,1
62226,1
62230,1
62233,2
62246,1
62249,1
62263,1
62274,1
62278,1
62286,1
62301,3
62321,1
62363,1
62401,1
62420,2
62439,1
62441,1
62450,1
62454,1
62471,1
62521,1
62526,1
62544,1
62557,2
62565,2
62568,2
62618,2
62626,1
62644,1
62650,3
62656,4
62681,1
62702,2
62703,1
62707,1
62801,1
62812,1
62821,1
62822,1
62832,1
62837,1
62839,1
62859,1
62863,2
62864,4
62881,1
62896,1
62901,2
62906,1
62914,1
62930,1
62946,2
62948,1
62959,3
62960,1
62966,1
62982,1
63017,2
63028,1
63031,1
63043,1
63044,2
63069,1
63080,1
63084,1
63090,3
63104,2
63108,4
63110,11
63111,1
63112,2
63113,1
63115,2
63117,2
63118,5
63121,1
63122,2
63125,4
63127,1
63128,2
63131,4
63133,1
63136,1
63139,4
63141,5
63301,1
63304,2
63353,1
63357,1
63367,1
63376,1
63379,1
63385,1
63401,1
63461,1
63501,2
63552,1
63555,1
63556,1
63565,1
63623,1
63628,1
63638,1
63640,4
63645,1
63650,1
63664,1
63670,1
63701,2
63703,1
63775,1
63801,1
63841,1
63851,1
63857,1
63901,3
63935,1
64012,1
64014,1
64024,1
64050,1
64057,2
64063,1
64067,1
64068,1
64081,1
64085,1
64086,1
64089,1
64093,1
64106,1
64108,7
64111,2
64114,1
64116,1
64118,1
64128,3
64129,1
64131,3
64132,4
64133,1
64134,2
64139,1
64154,1
64402,1
64424,1
64429,1
64446,1
64468,1
64506,3
64601,1
64628,1
64633,1
64683,1
64701,1
64724,1
64730,1
64735,1
64744,2
64759,1
64772,2
64776,1
64804,4
64836,1
64850,1
64870,1
65020,1
65041,1
65065,1
65101,3
65109,1
65201,5
65203,1
65233,1
65248,1
65251,2
65265,1
65270,1
65301,1
65340,1
65351,1
65360,1
65401,2
65483,1
65536,1
65548,1
65559,1
65560,1
65583,1
65605,1
65613,1
65616,1
65625,1
65708,1
65712,1
65775,2
65802,1
65803,1
65804,4
65806,1
65807,3
66002,1
66013,1
66018,2
66030,2
66032,1
66044,2
66046,1
66048,5
66054,1
66060,1
66061,3
66062,4
66064,1
66067,1
66071,1
66085,2
66097,1
66101,1
66102,2
66103,2
66104,1
66112,1
66160,1
66202,1
66204,3
66207,2
66209,3
66211,5
66212,1
66213,2
66215,2
66216,1
66217,1
66219,2
66223,1
66434,1
66436,1
66439,1
66441,1
66442,2
66451,1
66502,4
66508,1
66512,1
66521,1
66534,1
66538,1
66547,1
66604,1
66606,7
66607,1
66614,2
66701,1
66720,1
66725,1
66736,1
66743,1
66749,1
66757,1
66762,2
66801,2
66839,1
66846,1
66861,1
66901,1
66935,1
66945,1
66956,1
66967,1
66968,1
67002,1
67003,1
67005,1
67022,1
67024,1
67029,1
67042,2
67045,1
67056,1
67058,1
67063,1
67068,1
67070,1
67104,1
67107,1
67114,3
67124,1
67152,1
67156,3
67203,2
67206,1
67207,1
67208,1
67212,1
67214,3
67218,2
67226,4
67301,1
67337,1
67356,1
67357,3
67361,1
67401,2
67410,1
67420,1
67432,1
67439,1
67445,1
67449,1
67455,1
67456,1
67460,1
67467,1
67473,1
67501,1
67502,2
67526,1
67530,3
67544,1
67547,1
67548,1
67550,1
67554,1
67560,1
67572,1
67578,1
67601,2
67642,1
67654,2
67661,1
67663,1
67665,1
67672,1
67701,2
67730,1
67735,1
67740,1
67748,1
67749,1
67752,1
67756,1
67801,4
67831,1
67839,1
67846,1
67854,1
67855,1
67860,1
67861,1
67864,1
67865,1
67870,1
67871,1
67878,1
67879,1
67880,1
67901,1
67950,1
67951,1
68002,1
68003,4
68004,1
68005,10
68008,12
68010,1
68020,1
68022,2
68023,1
68025,17
68028,5
68031,2
68037,2
68038,2
68039,2
68045,5
68046,18
68047,4
68048,8
68050,1
68057,3
68061,4
68064,1
68066,8
68071,2
68073,1
68102,4
68104,4
68105,6
68106,1
68107,3
68108,4
68112,2
68113,1
68114,7
68116,1
68117,2
68123,2
68124,12
68128,4
68130,2
68131,7
68137,4
68138,1
68144,3
68147,1
68152,3
68154,3
68164,3
68198,3
68301,2
68305,6
68307,1
68310,22
68322,1
68327,1
68333,6
68335,1
68340,3
68347,1
68351,3
68352,7
68354,1
68355,8
68359,2
68361,7
68370,8
68371,7
68376,4
68405,6
68410,10
68420,4
68434,12
68443,1
68446,7
68447,1
68448,1
68450,6
68456,2
68463,2
68465,3
68466,3
68467,14
68502,5
68503,2
68505,1
68506,9
68507,1
68510,6
68516,2
68521,1
68522,2
68526,1
68583,3
68601,16
68620,5
68627,1
68629,2
68632,6
68633,2
68636,2
68638,4
68640,3
68641,3
68642,1
68649,2
68651,5
68660,3
68661,7
68662,2
68663,1
68665,2
68666,3
68701,19
68713,4
68714,4
68715,1
68716,2
68718,3
68722,3
68725,1
68727,2
68729,3
68730,3
68731,1
68733,2
68735,1
68739,4
68745,4
68746,2
68748,3
68755,1
68756,5
68758,3
68760,3
68763,4
68764,2
68765,1
68767,3
68769,5
68770,3
68771,2
68776,6
68777,2
68779,4
68780,3
68781,4
68783,1
68784,3
68786,2
68787,7
68788,7
68791,6
68801,4
68803,21
68814,1
68815,1
68818,8
68822,7
68823,6
68825,3
68826,9
68840,2
68842,2
68845,7
68847,12
68850,5
68853,3
68859,1
68862,5
68864,1
68869,2
68873,7
68874,4
68876,1
68883,2
68901,12
68920,4
68922,2
68924,1
68926,2
68927,1
68930,4
68932,2
68933,2
68935,2
68937,2
68939,5
68942,1
68944,1
68947,1
68949,10
68952,1
68956,1
68959,5
68961,3
68967,3
68970,8
68978,4
68979,5
68982,1
69001,6
69021,6
69022,8
69024,1
69025,2
69028,1
69033,7
69034,1
69043,1
69044,2
69045,2
69101,9
69120,4
69122,1
69123,1
69129,2
69130,5
69131,1
69138,7
69140,4
69145,5
69147,1
69152,3
69153,7
69154,2
69156,1
69162,2
69165,2
69169,1
69201,6
69210,4
69217,1
69301,8
69334,4
69336,4
69337,4
69339,3
69341,3
69343,5
69347,2
69348,2
69350,1
69357,2
69360,2
69361,10
70001,2
70002,2
70005,2
70006,3
70043,2
70056,4
70065,5
70068,1
70070,1
70071,2
70072,2
70112,13
70113,1
70114,5
70115,13
70116,1
70117,3
70118,3
70119,2
70121,2
70122,1
70123,2
70125,1
70126,1
70127,4
70128,6
70130,2
70131,2
70301,2
70345,1
70346,2
70360,3
70363,1
70364,1
70380,2
70390,1
70394,2
70401,1
70402,1
70403,5
70420,1
70422,1
70427,6
70433,8
70438,1
70441,1
70443,1
70444,2
70445,1
70448,3
70458,5
70461,3
70471,1
70501,3
70503,5
70504,1
70506,7
70507,2
70508,6
70510,2
70512,1
70517,2
70525,2
70526,2
70535,4
70538,1
70546,3
70548,1
70554,2
70560,2
70563,1
70570,6
70578,1
70586,3
70591,1
70592,1
70601,4
70605,3
70607,2
70609,1
70631,1
70633,1
70634,2
70648,1
70653,1
70663,3
70721,1
70722,2
70726,1
70730,2
70737,5
70739,2
70748,5
70760,1
70764,1
70769,1
70775,1
70791,1
70802,1
70806,6
70807,2
70808,2
70809,4
70810,3
70812,2
70813,1
70815,1
70816,7
70817,1
70818,1
71001,1
71019,1
71040,1
71052,1
71055,1
71075,3
71078,1
71082,1
71101,8
71103,6
71105,3
71106,3
71107,1
71111,5
71112,1
71118,2
71119,1
71201,5
71202,2
71203,2
71220,2
71222,1
71232,1
71241,2
71251,1
71254,1
71263,1
71269,1
71270,5
71275,1
71282,1
71291,6
71295,1
71301,6
71303,6
71322,1
71334,1
71351,2
71360,3
71371,1
71373,1
71418,2
71446,3
71449,1
71457,3
71459,2
71463,2
71479,1
71483,3
71603,2
71635,2
71638,1
71639,1
71653,2
71654,1
71655,1
71671,1
71701,2
71730,2
71742,1
71753,1
71801,2
71822,1
71832,1
71852,1
71854,2
71857,1
71901,8
71913,3
71923,4
71953,2
71958,1
72002,1
72015,3
72031,1
72034,2
72042,1
72046,1
72076,2
72081,1
72101,1
72103,2
72104,1
72110,2
72112,2
72113,2
72114,1
72117,1
72118,2
72120,2
72143,4
72160,1
72201,1
72202,2
72204,1
72205,10
72211,2
72301,1
72315,2
72335,1
72342,3
72360,1
72370,1
72396,2
72401,6
72422,1
72450,1
72454,1
72455,1
72476,2
72501,2
72519,1
72542,1
72543,1
72560,1
72576,1
72601,1
72616,2
72619,1
72632,1
72653,1
72701,2
72703,5
72704,2
72712,2
72736,1
72740,2
72756,2
72758,1
72761,1
72764,2
72801,1
72830,1
72833,1
72834,2
72855,2
72901,4
72903,5
72904,2
72923,1
72927,1
72949,1
72956,2
72958,1
73008,1
73013,1
73015,1
73018,1
73034,2
73036,1
73044,1
73051,1
73069,1
73071,5
73075,2
73077,1
73080,1
73084,1
73086,2
73096,1
73099,1
73102,1
73103,2
73104,3
73109,3
73110,2
73112,4
73114,1
73118,1
73119,1
73120,4
73134,1
73139,1
73149,1
73159,1
73160,2
73401,1
73438,1
73446,1
73448,1
73460,1
73501,1
73503,1
73505,4
73507,1
73521,1
73533,1
73542,1
73550,1
73554,1
73573,1
73601,2
73628,1
73632,1
73644,1
73651,1
73662,1
73663,1
73701,3
73717,1
73737,1
73750,1
73763,1
73772,1
73801,2
73834,2
73841,1
73858,1
73932,1
73933,1
73942,1
74006,1
74010,1
74017,2
74020,1
74023,1
74030,2
74048,1
74055,2
74056,1
74058,1
74066,2
74074,1
74079,1
74104,1
74106,1
74114,1
74120,4
74127,1
74128,1
74132,1
74133,3
74136,4
74137,5
74145,1
74301,1
74344,1
74354,2
74361,1
74401,3
74403,1
74432,1
74437,1
74447,1
74462,1
74464,2
74467,1
74501,2
74523,1
74525,1
74538,1
74571,1
74578,1
74601,1
74631,1
74637,1
74701,1
74743,1
74745,1
74801,2
74804,1
74820,3
74848,1
74859,1
74864,1
74868,1
74953,1
74955,1
74960,1
75010,3
75013,2
75020,3
75024,1
75028,1
75032,1
75034,1
75035,1
75039,1
75042,2
75051,1
75057,1
75061,2
75063,1
75069,2
75070,1
75075,3
75080,1
75087,1
75090,1
75092,2
75093,6
75110,1
75115,4
75119,1
75134,1
75140,1
75142,1
75148,1
75149,2
75150,1
75160,4
75165,1
75201,1
75204,4
75208,1
75216,1
75218,2
75219,2
75225,1
75226,1
75228,1
75231,2
75232,1
75233,1
75234,2
75235,10
75243,1
75246,3
75251,2
75402,2
75418,2
75426,1
75428,1
75448,1
75455,1
75457,1
75460,2
75462,2
75482,1
75494,1
75501,2
75503,3
75551,2
75563,1
75570,1
75601,2
75605,2
75633,1
75644,1
75652,1
75662,1
75668,1
75670,2
75672,1
75686,1
75701,10
75708,1
75751,1
75766,2
75783,1
75785,1
75801,2
75835,1
75840,1
75862,1
75904,3
75935,1
75948,1
75951,1
75961,2
75965,1
75972,1
75979,1
76011,2
76012,2
76014,1
76015,2
76018,1
76020,1
76022,2
76028,1
76033,1
76043,1
76048,1
76051,2
76054,2
76063,2
76067,1
76086,2
76092,2
76102,2
76104,9
76107,1
76110,2
76111,1
76132,7
76180,1
76201,2
76208,4
76210,1
76230,1
76234,2
76240,2
76252,1
76255,1
76301,4
76302,2
76310,1
76311,1
76360,1
76365,1
76374,1
76380,1
76384,2
76401,1
76424,2
76442,2
76444,1
76448,1
76450,1
76458,1
76483,1
76502,2
76504,3
76520,3
76528,1
76531,1
76534,1
76544,1
76549,1
76550,1
76567,1
76570,1
76571,1
76574,2
76634,1
76642,1
76645,1
76661,1
76667,1
76691,1
76692,1
76707,2
76708,1
76712,3
76801,1
76821,1
76825,1
76834,1
76837,1
76849,1
76901,1
76903,2
76904,1
76905,1
76932,1
76934,1
76936,1
76950,1
77002,3
77004,7
77006,2
77007,2
77008,4
77009,1
77015,3
77019,2
77020,1
77021,1
77024,1
77025,1
77026,2
77027,2
77030,22
77033,1
77035,1
77043,3
77053,1
77054,3
77055,3
77057,1
77058,2
77065,4
77067,1
77070,1
77072,2
77074,4
77076,3
77080,2
77081,1
77082,2
77087,3
77089,1
77090,8
77091,4
77093,2
77094,1
77304,2
77320,1
77327,3
77338,2
77339,1
77340,1
77351,1
77365,2
77375,3
77380,3
77381,1
77384,2
77388,1
77401,2
77414,1
77418,1
77429,1
77434,1
77437,2
77450,1
77459,1
77465,1
77469,1
77478,3
77479,4
77480,1
77488,1
77493,1
77503,2
77504,4
77505,2
77506,1
77514,1
77515,1
77520,4
77521,1
77530,3
77550,7
77566,1
77573,2
77575,2
77590,1
77591,2
77598,6
77619,2
77627,2
77630,2
77640,1
77642,4
77665,1
77701,2
77702,3
77707,2
77802,3
77833,3
77836,1
77845,1
77864,1
77868,1
77901,2
77904,2
77954,2
77957,1
77964,1
77979,1
77995,1
78017,1
78026,1
78028,3
78041,3
78045,1
78061,2
78064,1
78102,1
78114,2
78119,1
78130,2
78155,1
78201,2
78205,3
78207,5
78209,1
78212,1
78217,1
78222,2
78223,3
78224,2
78229,14
78230,1
78232,3
78233,1
78234,1
78235,1
78240,5
78251,1
78258,3
78259,1
78332,1
78336,1
78363,1
78377,1
78404,5
78405,2
78410,1
78411,4
78412,2
78414,2
78419,1
78501,1
78503,7
78520,1
78526,4
78539,9
78550,3
78552,2
78572,2
78577,1
78582,1
78586,1
78596,2
78611,2
78613,1
78624,1
78626,1
78629,2
78642,1
78643,1
78648,2
78654,2
78657,1
78664,2
78666,1
78681,1
78701,4
78704,3
78705,7
78722,2
78723,1
78724,1
78731,3
78737,1
78745,5
78746,3
78751,3
78756,3
78757,1
78758,1
78759,1
78801,1
78834,1
78840,1
78843,1
78852,3
78861,1
78934,1
78945,2
78957,1
78962,1
79007,1
79014,1
79022,2
79027,1
79029,1
79035,1
79041,1
79045,1
79065,3
79070,1
79072,1
79079,1
79081,1
79088,1
79095,1
79096,1
79101,1
79106,4
79107,1
79121,1
79124,4
79201,1
79225,1
79235,1
79241,1
79245,1
79252,1
79316,1
79322,1
79323,1
79331,1
79336,1
79339,1
79346,1
79347,1
79356,1
79360,1
79364,1
79373,1
79401,2
79403,3
79410,5
79411,1
79412,2
79413,1
79415,1
79416,1
79501,1
79502,1
79512,1
79520,1
79521,1
79529,1
79546,1
79549,1
79553,1
79556,1
79567,1
79601,2
79606,1
79701,2
79705,1
79706,1
79707,2
79714,2
79720,3
79731,1
79735,1
79744,1
79745,1
79752,1
79755,1
79756,1
79761,3
79772,1
79782,1
79830,2
79855,1
79902,8
79905,2
79925,1
79930,1
79936,2
79968,1
80010,4
80011,3
80012,3
80026,2
80027,3
80031,1
80033,3
80112,1
80113,3
80122,2
80124,1
80130,1
80136,1
80138,3
80204,5
80206,3
80210,2
80211,1
80218,5
80220,2
80225,2
80226,1
80229,3
80262,1
80301,1
80304,4
80401,1
80424,1
80446,1
80459,1
80461,1
80468,1
80487,1
80501,1
80516,1
80517,1
80524,1
80526,1
80528,1
80537,3
80538,2
80601,1
80631,1
80701,1
80723,1
80731,1
80734,1
80737,1
80751,3
80758,1
80759,1
80807,1
80810,1
80816,1
80821,1
80828,1
80840,1
80863,1
80903,1
80906,1
80907,2
80909,2
80910,1
80913,1
80918,1
80920,1
80922,2
81003,1
81004,2
81005,1
81008,1
81036,1
81050,1
81052,1
81073,1
81082,1
81089,1
81101,1
81132,1
81140,1
81147,1
81149,1
81151,1
81201,1
81212,1
81230,2
81252,1
81301,8
81321,2
81323,1
81401,1
81416,1
81432,1
81435,1
81501,5
81521,1
81601,2
81611,1
81625,2
81641,1
81648,1
81650,1
81657,1
82001,3
82072,1
82082,1
82201,3
82225,1
82240,5
82301,1
82401,2
82410,1
82414,3
82426,1
82431,2
82435,1
82443,2
82501,2
82514,1
82520,3
82601,1
82609,1
82633,3
82701,3
82716,2
82729,2
82801,3
82834,3
82839,2
82901,2
82930,4
82935,1
82941,1
83001,1
83101,1
83110,1
83201,1
83211,1
83213,1
83221,3
83252,1
83254,1
83263,1
83276,1
83301,4
83318,1
83330,1
83333,1
83338,1
83350,1
83402,2
83404,6
83422,1
83440,2
83467,1
83501,2
83522,1
83530,1
83544,2
83605,1
83611,1
83612,1
83617,1
83638,1
83642,3
83647,1
83648,1
83672,1
83686,1
83702,1
83704,4
83709,1
83712,2
83805,1
83814,5
83837,1
83843,1
83854,2
83861,1
83864,1
84003,1
84010,3
84032,1
84041,2
84047,1
84057,2
84060,1
84065,1
84066,1
84067,1
84074,2
84078,1
84088,3
84094,2
84097,1
84098,1
84102,4
84103,4
84106,4
84107,3
84108,3
84112,5
84113,1
84117,1
84120,1
84123,1
84124,1
84302,1
84337,1
84341,2
84403,2
84405,1
84501,1
84511,1
84532,2
84535,1
84536,1
84601,1
84604,2
84606,1
84624,1
84631,1
84634,1
84647,1
84648,1
84651,1
84701,1
84713,1
84720,1
84734,1
84741,1
84751,1
84759,1
84770,1
84790,1
85003,1
85006,12
85007,1
85008,4
85012,3
85013,4
85014,1
85015,2
85016,1
85018,1
85020,3
85021,1
85027,1
85031,3
85032,1
85034,2
85037,2
85041,1
85054,1
85201,1
85202,4
85203,2
85206,7
85208,2
85210,1
85220,1
85222,1
85224,2
85225,2
85232,1
85236,1
85237,1
85242,1
85247,2
85251,2
85253,1
85255,1
85256,1
85258,1
85260,3
85273,1
85281,1
85296,1
85302,1
85304,4
85307,1
85308,2
85338,1
85344,2
85351,1
85363,1
85364,1
85375,3
85381,3
85390,1
85501,1
85530,1
85539,1
85541,1
85542,1
85546,2
85602,1
85603,1
85607,1
85613,2
85621,1
85631,1
85634,1
85635,1
85643,2
85704,3
85707,1
85710,1
85711,1
85712,2
85713,1
85714,1
85715,1
85716,1
85719,4
85737,1
85739,1
85745,2
85901,3
85938,1
86001,2
86034,2
86040,1
86045,1
86046,2
86047,1
86301,2
86314,3
86321,1
86326,1
86401,2
86403,1
86426,1
86442,1
86503,2
86505,2
87013,1
87014,2
87017,1
87020,1
87025,1
87035,1
87102,5
87106,8
87107,1
87108,3
87109,4
87110,1
87114,1
87124,2
87131,1
87301,2
87313,1
87327,1
87401,4
87420,2
87501,2
87505,3
87508,1
87520,1
87522,1
87527,1
87528,1
87530,1
87531,3
87532,2
87544,1
87552,1
87556,1
87560,1
87571,1
87575,1
87579,1
87701,8
87732,1
87740,2
87743,1
87752,1
87801,1
87901,2
88008,2
88011,3
88012,1
88026,2
88030,1
88061,2
88101,1
88119,1
88130,1
88201,2
88203,3
88210,1
88220,2
88240,1
88252,1
88256,1
88260,1
88267,1
88301,1
88310,1
88340,1
88345,1
88401,1
88415,1
88435,1
89005,3
89008,2
89014,3
89015,2
89027,2
89029,1
89030,4
89031,1
89040,3
89046,1
89048,2
89049,1
89052,2
89060,1
89074,2
89102,3
89103,4
89106,9
89107,3
89108,3
89109,8
89110,1
89113,1
89115,2
89117,3
89118,1
89119,7
89121,2
89122,1
89128,5
89129,1
89130,1
89134,1
89144,1
89146,3
89148,1
89149,1
89156,1
89301,2
89316,1
89406,1
89408,1
89410,1
89412,1
89413,1
89415,2
89419,1
89423,2
89427,1
89431,3
89433,1
89434,3
89436,2
89444,1
89445,2
89447,1
89451,1
89502,9
89503,5
89506,2
89509,3
89511,5
89512,2
89521,3
89523,1
89701,1
89703,3
89706,1
89801,2
89820,1
89821,1
89831,1
90001,1
90002,2
90003,3
90004,2
90005,1
90007,5
90011,1
90012,4
90015,3
90016,1
90017,2
90018,1
90019,5
90020,1
90022,3
90023,3
90024,1
90025,2
90026,4
90027,4
90028,3
90029,4
90031,5
90032,1
90033,11
90034,1
90035,1
90039,1
90041,1
90042,4
90043,3
90044,3
90046,1
90047,1
90048,7
90049,2
90056,1
90057,1
90059,2
90061,1
90063,1
90065,1
90067,1
90077,1
90095,6
90201,2
90232,1
90240,1
90241,1
90242,2
90247,2
90250,1
90254,2
90255,2
90262,1
90270,1
90280,1
90291,1
90292,1
90301,4
90302,1
90304,1
90305,2
90401,1
90403,1
90404,7
90502,1
90503,2
90505,4
90601,1
90602,1
90605,1
90606,1
90620,1
90621,1
90623,1
90638,1
90640,2
90650,4
90680,1
90703,1
90704,1
90706,3
90710,1
90712,2
90716,1
90720,2
90723,1
90731,1
90755,2
90802,1
90804,2
90805,2
90806,15
90813,5
90814,1
90815,1
91001,2
91007,2
91010,2
91016,3
91024,1
91040,1
91103,2
91105,1
91106,1
91107,2
91201,2
91203,3
91204,5
91205,2
91206,4
91208,1
91214,1
91302,1
91307,2
91316,1
91330,1
91335,1
91340,1
91342,3
91343,1
91344,1
91345,1
91352,1
91355,1
91356,2
91360,1
91361,1
91362,1
91367,1
91401,1
91402,2
91403,1
91405,4
91436,1
91502,3
91505,2
91506,1
91706,2
91710,2
91722,1
91723,1
91724,1
91730,3
91733,2
91740,1
91741,1
91745,1
91746,1
91754,2
91762,1
91763,2
91764,2
91767,2
91768,4
91770,3
91773,1
91776,2
91786,5
91790,2
91801,3
91803,4
91910,5
91911,4
91942,6
91950,1
91977,1
92004,1
92020,1
92021,2
92024,2
92025,1
92028,2
92029,1
92037,10
92054,1
92055,1
92056,1
92064,1
92071,1
92082,1
92083,1
92101,3
92103,7
92104,2
92105,1
92106,1
92109,1
92110,2
92111,1
92118,2
92120,4
92121,3
92123,10
92126,1
92127,1
92128,2
92130,2
92134,1
92201,2
92220,1
92225,1
92227,1
92231,1
92240,1
92243,2
92252,1
92262,1
92270,2
92278,1
92283,2
92307,1
92310,1
92311,1
92315,1
92324,3
92335,2
92346,1
92350,2
92352,1
92354,3
92363,1
92373,4
92374,1
92376,1
92395,2
92399,1
92404,5
92405,1
92408,1
92411,4
92503,3
92504,1
92505,3
92506,4
92509,1
92543,2
92555,2
92562,1
92563,1
92571,2
92583,1
92585,2
92586,1
92595,3
92618,1
92626,1
92627,1
92647,1
92648,1
92651,1
92653,1
92663,2
92673,1
92683,1
92691,2
92701,1
92705,1
92706,2
92707,1
92708,2
92780,2
92801,2
92804,3
92805,1
92807,1
92808,1
92821,2
92835,1
92840,1
92866,1
92868,3
92869,1
92870,1
92879,2
92882,1
93001,2
93003,3
93010,1
93023,1
93030,3
93036,1
93041,1
93060,2
93065,2
93103,1
93105,3
93110,1
93111,2
93204,1
93210,3
93212,2
93215,3
93221,1
93230,4
93240,1
93245,1
93247,1
93257,5
93265,1
93268,2
93274,4
93277,2
93291,1
93292,1
93301,3
93305,1
93306,1
93308,2
93309,1
93311,1
93313,1
93401,4
93405,1
93420,1
93422,1
93433,1
93436,1
93444,1
93454,2
93458,2
93463,1
93465,1
93505,1
93514,1
93516,1
93531,1
93534,2
93536,1
93545,1
93546,1
93551,1
93555,2
93561,1
93601,1
93602,1
93610,2
93611,2
93618,4
93620,1
93622,1
93625,1
93631,1
93635,1
93637,1
93638,3
93644,1
93654,2
93657,1
93662,1
93702,1
93703,4
93706,1
93710,2
93720,4
93721,1
93726,2
93728,1
93901,2
93905,1
93906,2
93923,1
93930,2
93940,2
93950,1
93955,2
94002,1
94010,1
94015,1
94019,1
94025,3
94038,1
94040,1
94062,1
94063,2
94070,1
94080,3
94102,1
94107,1
94108,1
94109,4
94110,3
94114,2
94115,12
94117,6
94118,3
94121,1
94122,1
94131,3
94301,2
94304,5
94305,1
94401,1
94403,1
94501,1
94509,2
94520,2
94533,4
94535,1
94538,3
94541,1
94545,2
94546,2
94550,2
94553,4
94558,1
94559,2
94564,2
94565,2
94568,1
94576,1
94577,1
94578,3
94583,1
94588,2
94589,2
94590,1
94596,1
94598,1
94599,1
94601,5
94606,2
94609,8
94611,1
94703,1
94704,1
94705,1
94710,2
94720,1
94801,1
94804,1
94806,1
94901,2
94903,3
94904,2
94930,1
94945,1
94954,1
95008,1
95020,1
95023,3
95032,3
95035,1
95046,1
95051,1
95053,1
95060,3
95062,1
95065,3
95076,2
95112,1
95116,1
95117,1
95119,1
95124,1
95128,4
95134,1
95202,1
95203,1
95204,2
95205,1
95211,1
95231,1
95240,1
95242,2
95249,1
95255,1
95301,2
95307,1
95336,1
95337,2
95338,1
95340,3
95350,1
95354,3
95355,2
95358,1
95360,1
95361,1
95363,1
95367,1
95370,4
95376,1
95380,1
95382,1
95401,1
95403,1
95404,4
95405,2
95422,1
95437,1
95442,1
95448,1
95453,1
95472,1
95476,2
95482,5
95490,1
95501,3
95521,2
95531,1
95540,1
95542,1
95602,1
95608,1
95616,2
95624,1
95630,3
95642,1
95655,1
95661,1
95667,2
95677,1
95687,2
95695,2
95816,2
95817,3
95819,1
95823,3
95825,1
95826,1
95841,1
95901,2
95926,3
95932,1
95945,2
95947,1
95948,1
95965,1
95966,1
95969,1
95971,1
95987,1
95988,1
95991,2
96001,5
96020,1
96027,1
96028,1
96067,1
96080,2
96093,1
96094,1
96097,1
96101,1
96104,1
96118,1
96122,1
96130,1
96150,1
96161,1
96701,1
96706,2
96713,1
96720,4
96727,1
96731,1
96734,1
96743,1
96744,1
96748,1
96750,1
96755,1
96763,1
96766,2
96777,1
96782,2
96786,1
96790,1
96792,1
96793,2
96796,1
96813,13
96814,1
96815,3
96816,3
96817,13
96819,3
96822,1
96826,3
97006,1
97015,1
97030,1
97031,1
97045,2
97051,1
97058,1
97062,1
97103,1
97116,1
97123,1
97124,1
97128,2
97132,1
97138,1
97141,1
97201,1
97202,1
97203,1
97206,1
97209,1
97210,1
97213,1
97214,1
97216,2
97220,2
97221,1
97222,1
97225,1
97227,2
97230,1
97239,3
97301,4
97321,1
97330,1
97338,1
97355,2
97365,1
97367,1
97381,1
97383,1
97386,1
97401,1
97411,1
97420,1
97423,1
97424,1
97439,1
97444,1
97467,1
97470,3
97477,2
97504,2
97520,1
97527,1
97532,1
97601,1
97630,1
97701,1
97720,1
97741,1
97754,1
97756,1
97801,3
97814,1
97828,1
97836,1
97838,1
97845,1
97850,1
97913,1
97914,1
98002,1
98003,1
98004,2
98022,1
98026,1
98027,2
98034,4
98052,4
98055,1
98065,1
98101,3
98104,2
98105,2
98107,1
98108,1
98109,1
98112,1
98115,2
98118,1
98121,1
98122,1
98125,1
98126,2
98133,1
98144,1
98146,2
98166,2
98168,4
98195,9
98198,1
98201,4
98208,1
98221,1
98223,1
98225,4
98239,1
98272,2
98274,1
98278,1
98284,2
98310,1
98312,1
98331,1
98332,1
98356,1
98362,1
98368,2
98372,1
98383,1
98390,1
98405,4
98418,1
98433,2
98498,1
98499,1
98502,1
98506,1
98520,3
98531,2
98557,1
98584,1
98586,1
98620,1
98624,1
98632,2
98660,1
98663,2
98664,1
98672,1
98686,1
98801,3
98812,1
98816,1
98823,1
98826,1
98837,1
98841,1
98848,1
98855,1
98902,2
98922,1
98926,1
98944,1
98948,1
99006,1
99011,1
99022,1
99109,1
99111,1
99114,2
99122,1
99133,1
99156,1
99159,1
99163,1
99166,1
99169,1
99202,2
99204,3
99205,1
99208,1
99216,1
99301,1
99328,1
99336,1
99344,1
99347,1
99350,1
99354,2
99362,4
99403,1
99501,1
99503,2
99506,2
99508,5
99554,1
99559,2
99564,1
99574,1
99588,1
99603,1
99604,1
99606,1
99611,1
99615,1
99627,1
99639,1
99645,1
99654,2
99658,1
99661,1
99664,1
99669,1
99670,1
99681,1
99684,1
99686,1
99701,2
99703,2
99740,1
99762,1
99765,1
99780,1
99801,4
99835,1
99929,1
