ZIP,museums
,0
612,1
623,1
638,1
646,1
680,2
683,1
716,1
717,1
725,2
727,1
730,2
901,10
907,4
911,1
912,2
917,2
918,11
920,5
921,2
925,1
926,3
927,2
956,1
959,1
965,1
966,1
969,1
976,1
982,1
1001,1
1002,7
1007,1
1008,1
1011,2
1013,2
1027,2
1028,3
1033,2
1035,2
1036,1
1040,9
1056,1
1057,3
1060,10
1062,1
1075,3
1077,1
1080,1
1085,1
1089,4
1095,2
1098,1
1103,8
1104,1
1105,4
1106,1
1108,2
1151,4
1201,7
1220,1
1223,2
1226,1
1230,6
1238,1
1240,9
1247,6
1255,1
1257,1
1262,2
1266,1
1267,5
1301,5
1330,1
1337,1
1342,3
1364,1
1366,1
1370,5
1420,5
1432,1
1434,2
1440,2
1450,4
1451,1
1460,1
1462,1
1463,2
1469,1
1473,1
1475,1
1501,2
1504,1
1510,3
1518,1
1520,2
1523,1
1531,1
1536,1
1543,2
1545,3
1550,1
1562,1
1566,3
1568,1
1581,2
1583,2
1585,1
1602,1
1604,2
1605,2
1606,1
1609,6
1701,3
1702,5
1720,6
1721,1
1730,3
1740,1
1742,8
1746,2
1748,1
1749,4
1752,2
1754,1
1756,1
1757,1
1760,4
1772,1
1773,3
1775,1
1776,4
1778,1
1801,2
1810,4
1821,1
1824,2
1826,1
1830,1
1833,1
1840,1
1844,1
1845,4
1852,11
1854,1
1864,1
1886,2
1887,1
1890,3
1901,4
1902,2
1906,2
1907,2
1908,1
1913,2
1915,4
1922,1
1923,2
1929,3
1930,20
1938,6
1940,1
1944,2
1945,3
1949,1
1950,9
1951,1
1952,1
1960,1
1966,30
1969,1
1970,21
1982,2
1984,1
1985,1
2021,3
2025,3
2026,3
2030,1
2035,1
2038,2
2043,6
2045,1
2048,2
2050,2
2052,3
2053,2
2061,2
2062,1
2066,4
2067,1
2072,3
2090,1
2093,1
2108,7
2109,3
2110,2
2111,3
2113,4
2114,11
2115,9
2116,39
2118,24
2119,4
2121,3
2122,2
2124,1
2125,5
2127,3
2128,4
2129,4
2130,5
2131,2
2132,2
2134,2
2136,3
2138,9
2139,6
2140,1
2141,5
2143,6
2144,1
2148,3
2150,2
2151,1
2152,1
2155,3
2163,1
2169,8
2170,1
2176,2
2180,2
2184,3
2186,4
2189,1
2190,2
2210,9
2215,2
2301,2
2322,1
2332,6
2339,1
2346,1
2356,3
2359,2
2360,12
2364,1
2367,1
2368,4
2370,1
2379,1
2420,3
2421,3
2445,7
2446,6
2452,1
2453,5
2458,4
2459,3
2460,2
2461,1
2464,1
2466,1
2467,3
2468,1
2472,5
2474,3
2476,3
2478,2
2481,1
2482,3
2492,2
2493,2
2494,2
2532,7
2535,1
2537,6
2539,12
2540,7
2543,2
2554,25
2556,1
2563,5
2568,8
2571,1
2601,9
2630,2
2631,8
2632,1
2633,14
2635,2
2638,2
2639,2
2642,1
2645,2
2646,3
2649,7
2653,10
2655,3
2657,49
2659,2
2664,3
2667,4
2668,3
2675,1
2703,3
2720,6
2721,4
2725,1
2726,1
2738,3
2739,1
2740,12
2743,2
2744,1
2745,1
2746,2
2748,1
2760,1
2766,2
2769,1
2770,1
2777,1
2780,1
2790,2
2809,9
2813,1
2818,4
2822,1
2835,3
2837,1
2840,35
2841,1
2852,7
2859,1
2860,5
2863,1
2864,1
2865,5
2871,1
2874,1
2878,7
2879,4
2881,3
2882,2
2885,3
2886,4
2888,3
2889,1
2891,3
2892,1
2893,1
2895,3
2896,1
2898,1
2903,15
2904,1
2905,2
2906,12
2907,5
2908,2
2909,3
2910,1
2914,1
2915,1
2916,1
2919,1
2920,2
3031,1
3033,1
3034,1
3036,1
3043,1
3045,1
3049,1
3052,2
3053,2
3054,1
3055,2
3060,1
3062,1
3063,1
3064,2
3071,1
3076,1
3079,1
3086,1
3087,1
3101,7
3103,3
3104,4
3106,1
3110,1
3218,1
3229,2
3242,1
3246,5
3249,2
3251,1
3253,6
3254,1
3255,1
3257,2
3263,1
3264,2
3276,2
3278,2
3301,6
3303,2
3431,10
3440,1
3444,1
3449,1
3458,3
3470,1
3561,5
3570,3
3574,1
3580,3
3581,2
3584,1
3598,1
3740,1
3741,1
3748,1
3755,1
3766,2
3773,3
3781,1
3782,1
3784,2
3801,19
3809,1
3811,1
3818,2
3820,5
3824,1
3833,6
3842,1
3846,1
3855,1
3860,2
3864,1
3865,2
3867,1
3868,1
3870,4
3873,1
3886,1
3894,4
3904,1
3906,1
3907,2
3908,1
3909,7
4002,1
4009,1
4011,7
4015,1
4017,1
4032,3
4037,1
4043,4
4046,12
4055,1
4062,2
4064,1
4072,2
4073,1
4074,2
4079,1
4083,1
4086,1
4090,3
4092,1
4096,2
4101,27
4102,2
4105,6
4106,3
4108,2
4210,2
4217,1
4240,4
4253,1
4256,1
4259,1
4260,1
4268,3
4274,1
4276,1
4282,1
4330,5
4333,1
4342,1
4344,1
4345,1
4347,3
4348,1
4352,1
4353,1
4357,1
4401,9
4412,1
4444,1
4462,2
4468,1
4530,6
4537,1
4538,6
4539,1
4543,3
4548,2
4562,1
4572,1
4578,5
4605,6
4609,8
4615,1
4616,1
4622,1
4631,4
4652,2
4654,1
4658,1
4660,3
4676,1
4679,3
4681,3
4683,3
4684,1
4693,1
4730,2
4757,1
4769,2
4841,24
4843,6
4849,1
4854,1
4856,2
4858,1
4860,2
4861,3
4862,1
4864,1
4901,3
4915,9
4930,1
4937,2
4938,1
4947,1
4953,1
4970,1
4974,2
4976,1
4981,1
4988,1
5001,2
5048,1
5056,1
5060,1
5072,2
5089,2
5091,8
5101,1
5143,1
5146,1
5149,4
5156,3
5161,1
5201,5
5255,3
5261,1
5262,1
5301,8
5346,1
5363,2
5401,5
5403,1
5405,1
5444,1
5454,1
5456,1
5458,1
5462,2
5465,1
5468,1
5482,6
5488,1
5491,5
5495,1
5602,6
5641,5
5655,1
5661,1
5667,1
5672,7
5674,1
5676,1
5701,4
5733,2
5753,4
5761,2
5764,1
5767,1
5770,1
5819,8
5828,1
5855,1
5857,1
5860,1
5871,1
5874,1
6001,5
6002,2
6010,7
6013,2
6018,1
6019,1
6026,2
6031,1
6032,5
6033,2
6035,2
6037,3
6039,3
6040,6
6051,1
6052,3
6053,1
6057,1
6058,1
6062,2
6066,6
6067,2
6068,1
6069,3
6070,4
6071,3
6073,1
6074,4
6076,4
6078,2
6081,1
6082,2
6084,2
6085,1
6088,1
6090,2
6092,1
6095,6
6096,1
6098,2
6103,6
6105,8
6106,6
6107,5
6108,3
6109,5
6111,5
6117,2
6118,1
6119,3
6226,3
6238,2
6249,2
6250,2
6254,1
6260,3
6264,1
6268,2
6269,1
6281,1
6320,9
6331,1
6335,2
6339,2
6340,5
6355,9
6357,2
6359,1
6360,5
6370,1
6371,4
6378,4
6384,1
6385,2
6401,1
6405,7
6409,1
6410,5
6412,4
6413,1
6415,2
6416,1
6417,1
6418,3
6419,1
6423,3
6426,3
6437,9
6442,1
6443,6
6447,1
6450,1
6451,6
6455,1
6457,8
6460,4
6468,2
6470,2
6471,3
6473,1
6475,6
6477,3
6478,1
6479,2
6480,2
6482,1
6483,3
6484,3
6488,2
6489,2
6492,5
6498,1
6510,10
6511,5
6512,3
6513,2
6514,1
6515,2
6516,4
6517,2
6518,1
6524,1
6604,3
6606,1
6608,1
6610,1
6611,2
6612,2
6615,4
6708,1
6750,2
6751,1
6755,1
6756,2
6757,7
6759,5
6763,2
6770,1
6776,1
6782,1
6783,1
6785,1
6790,10
6793,1
6794,1
6795,1
6798,3
6801,4
6804,1
6807,3
6810,13
6812,1
6820,9
6824,8
6830,11
6831,3
6840,12
6850,5
6851,5
6853,1
6854,4
6855,2
6870,1
6877,14
6878,1
6880,18
6883,1
6890,1
6896,3
6897,7
6901,3
6902,3
6903,3
6905,4
6907,2
7002,3
7003,2
7004,1
7005,6
7006,5
7009,1
7010,2
7011,1
7013,1
7016,3
7017,2
7024,4
7026,1
7027,1
7030,10
7032,2
7033,1
7034,2
7039,3
7040,4
7041,1
7042,14
7044,1
7045,1
7047,5
7052,5
7055,1
7059,1
7060,3
7063,1
7065,2
7066,2
7068,2
7070,2
7071,1
7075,1
7076,3
7078,3
7080,2
7081,2
7083,3
7086,1
7087,4
7090,8
7093,3
7094,3
7095,2
7102,9
7103,1
7104,2
7105,7
7107,1
7110,3
7201,2
7202,1
7204,1
7205,1
7208,1
7302,4
7304,3
7305,1
7306,3
7401,1
7405,1
7410,2
7416,2
7417,1
7423,3
7424,3
7430,4
7439,2
7444,1
7446,1
7450,3
7452,2
7456,2
7457,2
7461,2
7463,2
7470,3
7501,4
7503,2
7505,1
7508,2
7514,1
7601,7
7604,1
7606,2
7621,1
7624,2
7631,8
7632,2
7640,2
7643,1
7644,1
7646,1
7649,1
7652,3
7656,1
7657,1
7661,2
7666,5
7670,1
7675,1
7701,8
7702,3
7704,1
7711,1
7712,6
7716,2
7719,2
7724,2
7726,3
7728,6
7731,1
7732,1
7733,2
7734,1
7735,1
7738,3
7739,2
7740,2
7747,3
7748,2
7750,1
7751,1
7753,3
7755,1
7756,4
7760,1
7762,1
7801,2
7821,1
7823,2
7825,2
7826,2
7827,1
7830,1
7834,4
7840,2
7849,1
7852,1
7853,1
7857,2
7860,5
7866,1
7869,1
7871,1
7876,1
7901,6
7920,2
7921,4
7924,9
7928,2
7930,4
7932,5
7934,1
7936,1
7940,3
7945,1
7950,2
7960,12
7976,1
7981,1
8003,1
8005,1
8008,11
8009,1
8015,1
8016,2
8028,2
8029,1
8030,1
8031,1
8033,4
8034,3
8036,1
8037,2
8043,2
8045,1
8053,3
8055,6
8060,6
8062,2
8068,2
8069,1
8070,2
8071,1
8075,1
8078,1
8079,3
8080,1
8087,3
8088,1
8089,1
8096,2
8098,1
8102,5
8103,5
8104,1
8106,1
8108,2
8109,1
8110,2
8202,1
8203,1
8204,9
8205,1
8210,2
8215,1
8221,2
8225,1
8226,4
8230,1
8234,2
8243,1
8244,4
8247,5
8251,1
8260,3
8270,4
8302,8
8319,1
8322,1
8330,3
8332,8
8344,1
8360,1
8361,1
8401,3
8402,2
8403,1
8502,1
8505,4
8512,4
8514,1
8520,1
8525,5
8530,38
8534,5
8540,9
8542,7
8550,3
8554,2
8559,2
8608,3
8611,3
8618,5
8619,1
8628,1
8638,1
8648,1
8690,2
8701,4
8721,1
8722,1
8723,1
8724,2
8730,1
8731,2
8733,1
8736,3
8742,3
8751,1
8753,8
8758,1
8759,1
8802,1
8805,4
8807,2
8809,2
8816,3
8817,1
8820,2
8822,7
8825,7
8827,1
8829,1
8832,1
8833,2
8840,2
8844,3
8852,1
8854,3
8861,3
8865,2
8867,1
8869,1
8873,2
8876,3
8880,1
8882,2
8901,5
8902,2
8904,2
10001,161
10002,50
10003,30
10004,8
10005,2
10006,4
10007,5
10009,9
10010,29
10011,99
10012,52
10013,53
10014,21
10016,24
10017,16
10018,27
10019,56
10020,1
10021,170
10022,70
10023,15
10024,15
10025,14
10026,1
10027,6
10028,28
10029,5
10030,4
10031,2
10032,3
10033,1
10034,1
10035,2
10036,16
10037,1
10038,9
10039,1
10040,2
10044,2
10128,18
10280,3
10301,2
10305,4
10306,6
10307,1
10309,1
10310,6
10314,4
10451,2
10452,1
10454,1
10456,3
10458,3
10459,2
10460,5
10461,2
10463,4
10464,3
10466,1
10467,2
10468,1
10469,2
10471,1
10474,1
10475,1
10502,2
10504,2
10506,1
10507,2
10509,2
10510,1
10512,2
10514,2
10516,5
10518,1
10520,1
10522,5
10523,5
10524,2
10530,1
10532,1
10533,2
10536,4
10538,6
10541,1
10543,2
10549,3
10550,3
10562,3
10566,9
10567,3
10570,3
10573,3
10576,1
10577,1
10579,1
10580,6
10583,5
10589,2
10591,6
10595,1
10598,2
10601,5
10603,1
10604,1
10605,1
10701,4
10705,1
10706,6
10707,2
10708,4
10709,1
10710,2
10801,7
10803,3
10804,2
10901,2
10913,1
10916,1
10918,1
10920,1
10924,2
10927,1
10928,1
10930,2
10940,3
10941,1
10950,1
10952,2
10956,2
10960,5
10964,1
10965,3
10968,7
10977,4
10987,1
10990,3
10992,1
10994,5
11001,2
11010,2
11021,10
11030,7
11040,3
11050,13
11101,20
11103,1
11105,1
11106,3
11201,22
11203,2
11204,3
11205,6
11206,2
11207,4
11208,3
11209,3
11211,19
11213,2
11215,8
11216,3
11217,5
11218,4
11220,3
11221,2
11222,7
11223,4
11225,2
11226,4
11229,5
11230,2
11231,3
11232,4
11233,3
11234,3
11235,3
11236,1
11237,2
11238,9
11251,3
11354,5
11355,2
11356,1
11367,1
11368,4
11369,1
11370,1
11372,1
11373,1
11375,5
11378,1
11379,1
11385,3
11411,1
11412,2
11413,1
11420,1
11422,2
11426,1
11432,2
11434,1
11501,4
11507,1
11510,2
11514,2
11516,6
11520,2
11530,6
11542,4
11545,1
11550,3
11553,2
11554,2
11557,1
11559,1
11560,5
11561,6
11565,1
11568,1
11570,1
11576,5
11579,4
11580,2
11581,2
11590,1
11598,1
11691,1
11701,1
11702,2
11703,1
11704,1
11706,2
11710,4
11713,3
11717,1
11718,1
11719,1
11721,1
11722,1
11724,2
11725,1
11726,1
11727,2
11729,3
11731,1
11733,5
11735,2
11740,2
11741,1
11743,11
11746,2
11747,3
11749,1
11757,2
11758,4
11762,2
11764,1
11768,2
11770,1
11771,8
11772,2
11776,2
11777,6
11779,1
11780,1
11782,3
11787,4
11788,2
11790,3
11791,2
11796,1
11801,2
11804,1
11901,4
11933,1
11935,1
11937,15
11944,11
11946,3
11949,1
11952,3
11953,1
11961,1
11963,12
11968,13
11971,2
11976,4
11977,1
11978,2
12010,6
12015,2
12017,3
12018,1
12020,2
12025,1
12037,5
12051,1
12054,1
12060,1
12065,1
12070,1
12076,1
12078,1
12090,2
12092,2
12106,6
12122,2
12125,1
12136,3
12144,3
12149,2
12150,1
12157,2
12158,1
12167,1
12180,8
12182,1
12188,2
12189,1
12202,6
12203,3
12205,2
12206,1
12207,1
12210,6
12211,1
12302,3
12303,1
12305,3
12307,2
12308,2
12401,12
12405,1
12409,1
12414,4
12423,1
12440,1
12446,1
12464,1
12468,1
12474,2
12477,4
12498,13
12501,1
12502,1
12508,11
12518,1
12520,1
12522,1
12524,3
12526,2
12529,2
12533,1
12534,22
12538,5
12545,3
12546,4
12549,3
12550,5
12553,2
12561,6
12564,1
12567,2
12571,1
12572,5
12577,1
12580,1
12583,3
12586,1
12589,1
12590,2
12601,7
12603,2
12721,1
12729,1
12742,1
12747,1
12754,1
12771,3
12789,1
12801,4
12803,1
12804,4
12812,1
12814,2
12816,2
12822,2
12828,6
12831,1
12832,2
12834,2
12865,1
12866,16
12871,1
12883,3
12885,3
12887,1
12901,6
12903,1
12928,1
12946,3
12953,2
12972,1
12974,1
12983,5
12985,1
12986,2
12996,1
13021,8
13031,1
13032,3
13033,1
13035,4
13036,1
13037,1
13041,1
13045,5
13057,2
13066,1
13068,1
13069,1
13078,1
13088,4
13090,1
13104,2
13108,1
13118,1
13126,5
13140,2
13142,3
13148,4
13152,3
13156,1
13160,1
13165,3
13166,1
13167,1
13202,6
13203,1
13204,5
13208,2
13210,2
13214,1
13224,1
13244,1
13309,2
13316,1
13317,2
13320,1
13323,4
13326,9
13327,1
13329,1
13332,1
13346,3
13350,1
13354,1
13365,3
13367,1
13407,1
13408,1
13411,1
13413,2
13420,1
13421,1
13424,2
13425,1
13438,1
13440,5
13459,1
13460,1
13485,1
13501,1
13502,4
13601,8
13605,1
13617,2
13624,6
13642,1
13646,1
13650,3
13655,1
13656,1
13660,1
13662,2
13667,1
13668,1
13669,3
13676,2
13685,2
13697,1
13730,1
13731,1
13753,1
13754,1
13760,5
13782,1
13808,1
13810,1
13815,5
13820,6
13827,3
13850,1
13856,2
13901,4
13903,3
13905,6
14004,1
14006,1
14009,1
14011,1
14012,1
14020,1
14031,3
14047,1
14048,4
14052,6
14057,2
14059,1
14063,2
14068,1
14075,3
14092,1
14094,5
14103,2
14108,1
14109,1
14120,6
14127,4
14132,2
14141,1
14145,1
14150,3
14174,1
14201,5
14202,4
14203,4
14204,2
14206,1
14209,2
14210,2
14211,1
14214,3
14215,1
14216,8
14217,2
14219,1
14221,4
14222,3
14223,1
14224,3
14225,1
14226,1
14227,1
14228,3
14301,2
14303,2
14304,2
14305,1
14418,1
14420,1
14422,1
14423,1
14424,7
14425,2
14432,2
14433,1
14437,3
14445,3
14450,3
14454,2
14456,3
14469,2
14472,1
14482,1
14485,1
14487,1
14489,1
14510,2
14512,1
14513,1
14514,1
14519,2
14522,1
14527,2
14532,2
14534,3
14548,1
14555,2
14559,2
14564,3
14569,1
14572,1
14580,4
14586,1
14590,1
14604,1
14607,13
14608,4
14609,2
14610,3
14612,2
14614,2
14618,4
14620,2
14621,2
14623,2
14624,2
14626,2
14701,11
14712,1
14715,1
14724,1
14731,1
14757,3
14760,3
14779,5
14782,1
14787,2
14803,1
14804,1
14806,2
14809,1
14822,1
14823,1
14830,9
14837,1
14840,1
14843,1
14845,3
14850,11
14853,1
14870,1
14873,1
14883,1
14886,1
14895,2
14901,4
14903,1
15001,1
15003,2
15009,1
15010,1
15012,1
15017,1
15033,1
15035,1
15042,1
15044,2
15061,1
15062,1
15063,1
15065,1
15066,1
15068,3
15074,1
15084,2
15090,1
15101,1
15102,3
15104,1
15106,5
15120,3
15132,2
15135,1
15136,2
15137,1
15139,2
15140,1
15143,4
15144,1
15146,2
15147,1
15201,4
15202,2
15203,10
15205,6
15206,2
15208,1
15209,1
15210,1
15212,6
15213,3
15215,4
15217,1
15219,5
15220,2
15221,1
15222,7
15223,1
15224,3
15226,3
15227,1
15228,4
15232,7
15233,1
15237,3
15241,3
15260,1
15261,1
15301,8
15312,1
15314,1
15317,6
15323,1
15330,1
15332,1
15342,1
15370,4
15401,2
15419,1
15431,1
15437,1
15461,1
15474,1
15480,1
15501,3
15521,1
15522,3
15530,1
15538,1
15552,2
15557,1
15601,6
15613,1
15622,1
15627,2
15642,1
15650,5
15656,1
15658,7
15666,1
15668,1
15670,1
15681,1
15683,1
15687,4
15690,1
15697,1
15701,6
15717,1
15767,1
15801,2
15825,1
15834,1
15853,1
15857,1
15901,1
15904,1
15905,1
15906,2
15931,2
15940,1
15943,1
15946,1
15963,1
16001,5
16002,1
16020,1
16033,2
16037,1
16051,1
16056,1
16057,1
16063,2
16066,2
16101,3
16105,1
16115,2
16117,1
16120,1
16125,3
16127,2
16137,2
16146,1
16148,3
16201,3
16214,1
16248,1
16301,2
16314,1
16316,1
16323,4
16335,4
16353,1
16365,4
16371,1
16373,1
16403,4
16407,2
16412,2
16415,2
16417,2
16428,2
16438,2
16441,3
16501,3
16503,2
16505,3
16506,2
16507,7
16508,1
16509,1
16510,3
16511,1
16601,5
16602,1
16648,1
16652,1
16701,5
16731,1
16738,1
16749,1
16801,11
16823,1
16827,2
16830,2
16854,1
16866,1
16901,2
16915,2
16920,1
17004,1
17007,1
17011,4
17013,9
17019,3
17022,6
17025,1
17028,1
17032,2
17033,3
17036,1
17042,2
17043,4
17044,1
17046,1
17050,4
17053,1
17055,8
17057,1
17059,1
17061,2
17070,3
17084,1
17094,1
17098,1
17101,6
17102,3
17103,3
17104,1
17109,1
17110,2
17112,1
17201,3
17222,2
17225,1
17236,1
17241,2
17257,2
17268,5
17302,1
17315,2
17320,1
17324,1
17325,31
17331,6
17340,2
17344,1
17353,1
17356,2
17361,1
17363,1
17368,1
17372,1
17401,2
17402,3
17403,6
17404,1
17406,1
17512,7
17516,2
17522,5
17529,2
17538,1
17540,2
17543,8
17545,5
17547,1
17551,1
17552,2
17557,3
17562,2
17565,1
17572,5
17578,1
17579,4
17582,2
17584,2
17601,9
17602,17
17603,43
17701,8
17702,1
17728,1
17737,1
17740,3
17745,5
17754,2
17756,3
17772,1
17801,1
17815,6
17821,1
17830,1
17837,5
17844,2
17857,2
17872,1
17901,1
17921,2
17948,1
17961,1
17963,1
17976,1
18011,1
18013,1
18014,1
18015,7
18017,1
18018,11
18020,1
18031,1
18034,1
18038,1
18040,2
18042,9
18045,2
18049,4
18052,1
18055,4
18062,2
18064,3
18067,2
18069,2
18071,1
18073,1
18074,1
18077,1
18078,1
18092,1
18101,2
18102,8
18103,6
18104,7
18106,1
18109,2
18201,5
18210,1
18224,1
18229,4
18232,2
18235,1
18252,1
18301,1
18337,5
18360,5
18405,1
18407,1
18411,2
18421,1
18424,1
18428,2
18431,3
18436,1
18447,1
18464,1
18466,2
18503,6
18508,2
18510,3
18512,1
18517,1
18603,2
18612,2
18634,3
18640,1
18643,1
18644,3
18651,2
18657,1
18701,5
18702,2
18704,6
18706,2
18707,1
18801,1
18810,2
18840,1
18847,1
18848,1
18901,16
18914,2
18917,1
18930,1
18938,17
18940,1
18944,2
18951,4
18955,1
18960,1
18966,1
18977,2
19001,2
19002,2
19003,2
19004,1
19007,7
19010,5
19012,1
19013,4
19014,1
19015,1
19018,1
19026,1
19027,2
19030,1
19031,1
19032,1
19033,1
19034,3
19038,1
19040,1
19044,3
19046,4
19047,2
19050,2
19053,2
19055,1
19061,1
19063,7
19064,2
19066,1
19067,1
19072,3
19073,4
19081,2
19082,3
19083,4
19085,1
19086,2
19087,8
19090,1
19102,4
19103,31
19104,11
19106,54
19107,22
19111,1
19115,2
19116,1
19118,14
19119,5
19121,6
19122,2
19123,12
19124,2
19125,3
19127,7
19128,3
19129,2
19130,12
19131,3
19132,4
19133,2
19134,5
19135,1
19136,1
19139,4
19140,1
19143,1
19144,9
19145,4
19146,4
19147,22
19148,1
19151,1
19152,1
19153,1
19154,2
19301,2
19312,4
19317,4
19320,1
19330,1
19333,1
19335,1
19341,6
19342,3
19344,1
19348,10
19355,6
19363,3
19380,6
19382,5
19401,2
19403,2
19425,1
19426,2
19428,1
19438,2
19444,1
19446,7
19454,3
19460,2
19462,2
19464,3
19465,1
19468,4
19473,1
19504,1
19507,1
19508,1
19512,3
19518,1
19520,3
19522,2
19525,1
19526,4
19530,4
19533,1
19540,1
19541,1
19543,1
19565,2
19567,2
19601,6
19606,2
19607,2
19608,1
19610,3
19611,6
19701,1
19702,2
19703,1
19707,3
19709,2
19711,4
19720,7
19801,9
19802,3
19803,2
19804,2
19805,2
19806,3
19807,6
19808,3
19809,1
19810,3
19901,4
19902,1
19904,4
19930,1
19933,1
19934,1
19944,1
19946,1
19947,3
19952,1
19956,1
19958,3
19963,5
19968,3
19971,14
19973,3
19977,4
20001,17
20002,10
20003,5
20004,19
20005,12
20006,7
20007,19
20008,18
20009,15
20010,3
20011,2
20012,1
20015,1
20016,8
20017,3
20018,3
20020,5
20024,3
20036,9
20037,5
20041,1
20105,1
20109,3
20110,4
20115,1
20117,1
20124,2
20141,2
20147,3
20151,2
20155,1
20164,2
20166,8
20169,1
20170,2
20171,3
20175,6
20176,1
20186,7
20190,4
20198,1
20603,1
20625,1
20626,1
20639,1
20640,1
20646,2
20650,2
20659,1
20674,1
20678,2
20685,1
20705,1
20706,3
20707,5
20708,2
20712,3
20715,2
20716,2
20720,2
20721,1
20722,2
20724,1
20735,6
20740,1
20743,2
20744,4
20745,4
20746,2
20748,1
20754,2
20759,1
20764,2
20769,1
20770,1
20772,2
20774,2
20776,1
20777,1
20781,3
20782,2
20785,1
20794,1
20812,1
20814,13
20815,5
20816,1
20817,4
20832,2
20837,1
20850,11
20852,7
20853,1
20854,3
20855,1
20860,2
20861,1
20874,1
20876,2
20877,1
20878,5
20879,2
20882,1
20895,3
20902,1
20904,1
20906,1
20910,9
20912,3
21001,2
21012,1
21014,3
21030,3
21034,1
21035,1
21037,2
21042,4
21043,6
21044,1
21045,2
21046,2
21053,1
21054,1
21060,1
21074,1
21076,2
21078,7
21090,2
21093,7
21111,2
21114,2
21117,2
21122,1
21136,1
21146,4
21157,4
21158,1
21201,15
21202,15
21204,3
21206,1
21207,1
21208,3
21209,2
21211,6
21212,2
21213,1
21214,1
21215,1
21217,5
21218,10
21220,1
21221,1
21222,1
21223,2
21224,3
21225,1
21227,2
21228,5
21230,10
21231,10
21236,1
21237,2
21244,1
21286,2
21401,20
21403,3
21502,9
21520,1
21532,4
21550,4
21557,1
21562,1
21601,9
21613,5
21617,3
21620,7
21629,1
21650,1
21661,1
21662,1
21663,2
21666,2
21701,14
21703,1
21704,3
21713,2
21716,2
21727,2
21740,15
21742,2
21750,2
21754,1
21756,2
21757,1
21776,1
21782,1
21783,1
21784,1
21788,5
21791,1
21794,1
21795,2
21801,2
21804,2
21811,3
21817,1
21837,2
21842,5
21851,1
21853,1
21863,2
21901,3
21904,1
21911,1
21919,1
21921,4
22003,1
22015,1
22026,4
22030,10
22031,3
22033,1
22039,2
22044,2
22046,5
22060,1
22066,1
22079,4
22101,2
22102,2
22124,2
22150,2
22180,5
22182,1
22191,1
22192,6
22201,2
22202,5
22203,1
22204,1
22205,1
22206,1
22207,3
22209,2
22211,3
22301,4
22302,2
22304,6
22306,1
22308,2
22309,1
22310,2
22311,1
22314,40
22315,2
22401,15
22405,2
22407,1
22443,3
22448,1
22469,1
22480,1
22482,2
22485,1
22488,1
22503,1
22511,1
22520,2
22539,1
22553,2
22554,1
22556,1
22601,11
22602,1
22611,3
22620,1
22630,2
22655,2
22657,2
22664,6
22701,4
22714,2
22727,3
22740,2
22801,9
22802,2
22824,2
22827,1
22835,5
22840,1
22842,3
22901,5
22902,13
22903,5
22904,1
22911,1
22922,1
22938,1
22942,1
22960,5
22963,1
22972,1
22980,5
23005,1
23015,2
23030,2
23040,1
23059,1
23060,2
23061,3
23086,2
23093,2
23102,1
23111,1
23112,1
23113,3
23114,1
23139,1
23140,1
23149,1
23150,1
23185,18
23188,3
23192,1
23219,13
23220,24
23221,8
23223,5
23224,4
23226,6
23227,1
23228,5
23229,1
23230,5
23231,2
23233,2
23234,2
23235,3
23236,2
23237,1
23238,1
23250,2
23294,1
23298,1
23308,1
23310,3
23320,4
23321,1
23322,2
23336,6
23405,1
23415,1
23417,3
23421,1
23430,4
23433,1
23434,9
23451,13
23452,5
23454,4
23455,4
23457,2
23462,7
23464,1
23502,2
23503,1
23504,1
23505,2
23508,1
23510,12
23517,2
23518,1
23601,4
23602,3
23605,1
23607,2
23608,1
23651,2
23662,1
23663,1
23666,2
23669,6
23690,7
23692,2
23693,1
23701,1
23704,11
23707,1
23803,9
23805,1
23824,1
23831,3
23834,2
23837,5
23846,1
23851,1
23857,1
23860,2
23875,1
23883,3
23890,1
23901,4
23924,2
23927,4
23970,1
24011,16
24012,2
24014,1
24015,1
24016,5
24019,2
24020,1
24060,7
24066,1
24073,2
24083,1
24088,1
24090,1
24091,5
24112,4
24121,3
24124,1
24134,1
24141,4
24148,1
24151,4
24153,3
24171,2
24179,1
24201,5
24210,5
24219,2
24228,1
24293,1
24301,3
24311,1
24314,1
24328,1
24333,6
24340,1
24343,1
24348,2
24354,1
24360,1
24370,1
24382,3
24401,13
24422,2
24426,2
24445,1
24450,9
24465,1
24471,1
24482,2
24501,4
24502,4
24503,1
24504,6
24517,2
24521,4
24522,1
24523,3
24531,1
24540,2
24541,2
24551,2
24558,2
24578,1
24592,3
24651,2
24701,3
24740,3
24901,6
24946,1
24986,1
25130,1
25143,1
25301,2
25302,1
25303,1
25311,2
25314,1
25401,7
25414,1
25425,1
25443,2
25526,6
25541,1
25550,1
25701,5
25704,2
25801,4
25840,1
25880,2
25951,2
26003,5
26031,1
26032,1
26038,1
26041,1
26047,1
26050,1
26070,2
26101,5
26104,1
26155,1
26187,1
26201,1
26241,1
26301,2
26330,1
26351,1
26362,2
26452,1
26505,3
26554,1
26582,1
26764,1
26847,2
27011,1
27012,4
27017,1
27021,1
27023,1
27025,2
27028,2
27030,4
27055,1
27101,20
27103,2
27104,2
27105,2
27106,9
27107,1
27127,2
27203,1
27205,6
27215,5
27217,1
27253,2
27260,11
27262,3
27265,3
27278,4
27282,1
27284,2
27288,2
27292,4
27295,2
27298,1
27302,1
27306,1
27310,1
27312,2
27317,2
27320,2
27330,3
27341,1
27344,4
27358,1
27360,4
27376,1
27379,1
27401,12
27403,2
27406,1
27407,4
27408,5
27410,4
27455,1
27502,2
27510,6
27511,9
27513,3
27514,5
27516,5
27517,5
27521,1
27522,1
27523,1
27526,1
27529,2
27530,2
27536,3
27537,1
27539,1
27540,1
27542,1
27562,1
27565,3
27573,2
27576,1
27577,1
27587,3
27591,1
27601,17
27603,11
27604,3
27605,1
27606,2
27607,4
27608,3
27609,2
27610,1
27612,3
27614,3
27615,2
27616,4
27701,6
27704,1
27705,4
27707,3
27712,1
27713,1
27801,1
27803,1
27804,2
27807,2
27808,1
27828,2
27834,2
27845,1
27855,1
27856,1
27858,4
27870,1
27886,3
27889,3
27893,7
27909,6
27917,1
27927,5
27932,1
27948,1
27949,7
27954,4
27959,5
27983,1
27986,1
28001,4
28012,1
28021,2
28025,2
28027,2
28031,4
28034,2
28036,3
28037,1
28043,3
28052,2
28054,2
28056,2
28078,6
28079,2
28081,2
28086,1
28092,4
28105,4
28110,1
28112,3
28115,7
28117,4
28120,1
28124,1
28129,1
28134,1
28138,1
28139,3
28144,9
28150,1
28159,2
28163,1
28164,1
28170,1
28173,2
28202,14
28203,8
28204,2
28205,4
28206,3
28207,3
28208,4
28209,5
28210,2
28211,6
28212,1
28213,1
28215,1
28216,2
28226,2
28227,1
28262,1
28273,1
28277,4
28278,1
28301,9
28303,4
28304,1
28305,2
28306,1
28314,3
28320,1
28328,3
28334,2
28338,1
28345,1
28352,3
28358,2
28365,1
28366,1
28374,1
28376,1
28377,2
28379,2
28387,6
28390,1
28398,1
28401,21
28403,8
28405,3
28409,1
28411,1
28412,1
28425,1
28428,3
28429,1
28431,1
28433,1
28443,1
28445,2
28450,1
28460,1
28461,7
28462,1
28467,1
28468,1
28469,2
28470,1
28472,1
28478,1
28479,1
28501,4
28513,1
28515,1
28516,7
28540,1
28546,3
28557,7
28560,9
28562,3
28571,2
28574,1
28580,1
28584,1
28590,3
28601,8
28604,2
28605,9
28607,4
28613,1
28621,3
28625,2
28626,1
28630,1
28631,1
28636,2
28640,2
28642,1
28645,4
28650,1
28655,8
28658,2
28659,4
28677,2
28679,1
28681,1
28690,2
28694,3
28697,1
28702,1
28704,1
28705,3
28711,7
28712,11
28713,3
28714,3
28715,1
28716,1
28717,1
28718,2
28719,1
28722,1
28731,3
28734,6
28739,1
28741,4
28746,1
28752,2
28762,1
28768,2
28777,5
28782,2
28785,2
28786,10
28787,4
28791,2
28792,15
28801,30
28803,3
28804,1
28805,3
28806,5
28902,1
28906,1
29010,3
29016,1
29020,6
29036,2
29042,1
29072,6
29080,1
29102,1
29108,3
29115,7
29118,1
29135,1
29148,1
29150,4
29153,1
29169,2
29180,3
29201,9
29203,1
29204,3
29205,5
29206,2
29207,1
29209,1
29210,1
29212,1
29223,7
29301,1
29302,4
29303,1
29306,3
29307,1
29330,1
29340,2
29341,1
29349,2
29360,2
29365,1
29376,1
29379,2
29401,65
29403,10
29406,1
29407,5
29412,3
29414,2
29438,3
29440,6
29445,2
29448,1
29451,1
29455,3
29456,1
29458,2
29461,2
29464,8
29470,1
29482,2
29483,4
29488,4
29501,3
29505,1
29512,1
29520,2
29526,6
29532,2
29536,1
29545,1
29550,2
29556,2
29560,4
29566,1
29568,1
29570,1
29571,2
29572,4
29575,1
29576,4
29577,13
29579,3
29582,4
29585,5
29588,2
29601,15
29605,2
29607,6
29609,2
29611,3
29615,1
29620,3
29621,1
29625,2
29630,2
29631,2
29640,2
29644,1
29646,3
29649,1
29650,1
29651,2
29654,1
29669,1
29671,1
29678,1
29681,1
29686,1
29687,1
29691,5
29693,2
29706,2
29708,1
29709,1
29715,1
29720,1
29726,2
29730,3
29732,2
29742,1
29745,2
29801,7
29803,1
29810,1
29812,2
29824,2
29841,1
29842,1
29902,11
29907,1
29910,13
29918,1
29920,1
29924,1
29926,6
29928,11
30004,9
30012,2
30013,1
30014,4
30016,1
30019,2
30022,4
30024,2
30030,6
30033,3
30038,1
30040,2
30041,2
30043,3
30045,2
30047,3
30060,8
30062,1
30064,8
30067,1
30068,5
30071,2
30075,13
30076,2
30078,1
30079,1
30080,2
30082,1
30083,4
30087,2
30092,3
30093,7
30094,1
30096,7
30097,4
30106,1
30107,1
30113,1
30114,3
30115,1
30117,3
30120,7
30124,1
30125,1
30126,3
30127,1
30132,1
30141,2
30143,2
30144,3
30145,1
30149,1
30152,4
30161,4
30165,2
30176,2
30180,3
30184,2
30188,3
30189,1
30213,1
30214,2
30223,1
30224,2
30228,2
30240,9
30241,1
30248,1
30263,4
30269,2
30274,3
30286,2
30291,1
30297,2
30303,5
30305,20
30306,4
30307,10
30308,3
30309,25
30310,5
30312,3
30313,4
30314,1
30315,3
30316,2
30318,19
30319,1
30322,1
30324,13
30326,1
30327,2
30328,7
30329,1
30331,3
30338,3
30339,1
30340,2
30341,4
30342,6
30346,2
30349,4
30354,1
30439,1
30458,2
30474,2
30501,5
30504,1
30506,1
30512,1
30513,7
30518,1
30519,2
30523,3
30525,2
30528,2
30529,1
30533,6
30534,5
30540,4
30545,1
30546,2
30548,1
30549,2
30553,1
30571,1
30577,3
30601,8
30605,1
30606,5
30620,1
30622,2
30625,1
30641,1
30642,5
30643,4
30650,4
30655,3
30656,1
30662,1
30663,1
30666,1
30673,4
30677,4
30680,2
30701,3
30705,1
30707,3
30720,2
30728,2
30735,1
30736,4
30741,1
30742,1
30813,1
30824,2
30830,1
30901,17
30904,2
30909,1
30912,2
31005,1
31015,1
31021,3
31024,2
31028,1
31029,2
31030,2
31047,1
31061,3
31064,1
31069,1
31082,2
31088,2
31092,2
31093,1
31098,1
31201,7
31204,3
31206,1
31210,4
31312,2
31313,1
31320,3
31324,1
31326,2
31328,6
31331,1
31401,44
31405,2
31406,6
31419,2
31503,2
31510,2
31520,3
31522,9
31527,2
31533,1
31535,1
31539,2
31558,4
31561,1
31569,2
31601,8
31620,2
31635,1
31643,1
31701,5
31705,1
31707,3
31709,1
31733,2
31763,1
31764,2
31768,2
31774,1
31779,1
31792,8
31794,4
31816,1
31830,1
31831,1
31833,1
31901,10
31903,1
31904,1
31905,1
31906,3
31907,2
31909,2
32003,2
32011,1
32025,2
32034,9
32043,2
32063,2
32064,1
32065,1
32068,1
32073,3
32080,6
32082,4
32084,45
32086,1
32092,2
32095,1
32114,5
32117,2
32118,1
32119,1
32124,2
32128,1
32129,2
32136,2
32137,2
32159,4
32168,5
32169,4
32174,2
32176,4
32177,3
32181,1
32202,8
32204,2
32205,4
32206,3
32207,7
32209,1
32210,3
32216,2
32217,2
32218,3
32219,1
32223,2
32224,1
32225,1
32233,1
32246,2
32250,3
32256,2
32257,2
32258,1
32266,1
32301,10
32303,2
32308,3
32309,2
32310,5
32312,4
32317,1
32320,8
32322,2
32327,1
32328,1
32340,1
32347,2
32351,2
32401,7
32405,4
32407,1
32413,3
32426,1
32435,1
32440,1
32444,1
32456,1
32459,7
32501,2
32502,5
32503,1
32504,3
32507,2
32508,1
32531,1
32536,1
32539,1
32541,4
32548,3
32550,3
32563,1
32566,1
32568,1
32570,2
32577,1
32580,1
32601,4
32605,3
32606,5
32607,3
32608,5
32609,1
32615,1
32625,2
32626,1
32666,2
32667,2
32686,1
32693,1
32696,1
32701,4
32702,1
32707,1
32708,1
32709,1
32714,4
32720,8
32724,3
32726,5
32746,1
32750,3
32751,4
32757,4
32763,1
32765,4
32766,1
32771,10
32773,1
32779,1
32780,4
32789,19
32792,1
32796,2
32801,4
32803,9
32804,2
32805,1
32808,1
32809,4
32811,1
32815,1
32819,6
32821,2
32825,2
32826,1
32828,1
32830,1
32835,1
32836,1
32837,1
32839,4
32901,7
32903,2
32904,2
32907,1
32908,1
32922,5
32926,2
32931,1
32934,1
32935,9
32940,3
32949,2
32951,1
32952,2
32955,1
32958,4
32960,8
32962,1
32963,7
32967,1
33004,5
33009,4
33010,3
33012,1
33013,1
33014,4
33016,1
33020,11
33021,1
33023,2
33024,1
33025,2
33028,1
33030,1
33032,2
33033,1
33034,3
33036,10
33037,3
33040,51
33043,1
33050,4
33060,1
33062,1
33064,1
33065,3
33066,1
33067,1
33069,3
33076,1
33122,1
33127,39
33128,3
33129,3
33130,7
33131,4
33132,9
33133,4
33134,17
33135,12
33136,3
33137,14
33138,5
33139,16
33140,6
33141,1
33142,2
33143,3
33144,2
33145,1
33146,7
33154,2
33155,14
33157,1
33160,2
33161,4
33162,3
33165,1
33166,9
33168,1
33169,1
33170,2
33172,4
33177,4
33178,2
33179,1
33180,7
33183,2
33186,3
33187,1
33196,1
33301,26
33304,9
33305,2
33306,1
33308,5
33309,5
33311,2
33312,5
33313,1
33314,6
33315,5
33316,2
33317,2
33319,3
33322,1
33324,3
33325,1
33326,1
33327,1
33328,1
33334,5
33351,1
33401,19
33403,4
33405,9
33406,1
33407,4
33409,1
33410,3
33411,3
33414,2
33415,1
33418,3
33426,4
33428,1
33430,1
33431,12
33432,17
33434,2
33435,7
33436,1
33440,1
33441,2
33442,4
33444,10
33445,1
33446,3
33455,4
33458,4
33460,5
33467,5
33469,10
33477,5
33480,24
33483,10
33484,1
33486,2
33487,5
33496,3
33498,1
33510,1
33511,2
33523,2
33525,1
33542,2
33543,2
33547,2
33548,1
33549,1
33558,1
33559,2
33563,4
33565,1
33567,1
33569,4
33570,1
33602,9
33604,2
33605,6
33606,5
33607,2
33609,3
33610,2
33611,1
33612,3
33614,1
33616,1
33617,4
33619,1
33625,3
33626,1
33629,5
33634,2
33635,1
33647,2
33701,25
33702,1
33704,1
33705,5
33706,7
33707,4
33708,3
33710,4
33712,3
33713,1
33714,3
33755,3
33756,2
33759,1
33761,1
33763,1
33764,1
33765,3
33767,2
33770,4
33771,2
33772,2
33773,2
33774,1
33781,1
33782,3
33785,1
33801,4
33803,2
33805,1
33810,1
33811,1
33813,2
33825,2
33830,3
33837,1
33841,1
33852,1
33853,3
33870,4
33872,1
33880,2
33881,2
33898,1
33901,6
33904,3
33907,3
33908,1
33912,1
33913,1
33914,4
33916,5
33919,4
33922,3
33931,3
33948,1
33950,14
33952,7
33953,1
33956,2
33957,8
33980,1
33990,4
33993,5
34102,30
34103,7
34104,2
34108,3
34109,8
34110,1
34112,5
34114,1
34120,1
34134,1
34135,1
34141,1
34142,2
34145,5
34201,1
34202,1
34205,6
34208,2
34210,1
34212,1
34217,4
34221,2
34223,5
34224,1
34228,2
34231,3
34234,7
34236,26
34238,2
34239,1
34240,3
34243,5
34285,6
34287,1
34293,2
34420,3
34428,1
34429,2
34432,1
34436,1
34448,3
34450,1
34453,1
34470,3
34471,1
34473,1
34474,3
34476,1
34481,1
34482,1
34491,2
34601,2
34607,2
34608,1
34609,1
34613,1
34652,2
34667,2
34683,6
34689,1
34690,1
34695,1
34698,11
34711,5
34741,6
34743,1
34746,5
34748,3
34761,1
34769,1
34787,3
34788,1
34949,3
34950,3
34951,1
34952,1
34957,6
34974,2
34981,1
34983,2
34990,3
34994,8
34996,7
34997,5
35007,1
35020,1
35051,1
35055,3
35058,1
35077,1
35080,1
35094,1
35096,1
35115,2
35116,1
35121,1
35124,4
35146,1
35150,1
35160,2
35173,1
35203,10
35205,4
35206,2
35209,9
35210,1
35211,1
35213,1
35216,3
35222,2
35223,3
35226,3
35233,2
35242,4
35243,1
35401,11
35406,3
35456,1
35462,1
35473,1
35476,3
35490,1
35555,1
35601,4
35603,1
35611,3
35619,2
35630,8
35640,2
35672,1
35674,4
35677,1
35748,1
35758,4
35763,1
35801,10
35805,2
35806,2
35810,2
35811,1
35901,3
35903,1
35905,1
35957,1
35960,1
35967,2
35968,1
35971,1
36010,1
36027,1
36033,1
36037,1
36066,1
36067,1
36078,1
36081,5
36083,2
36093,1
36104,11
36106,9
36107,1
36109,1
36110,2
36117,5
36201,2
36203,1
36206,1
36207,2
36301,1
36303,7
36305,1
36330,4
36360,2
36420,1
36451,3
36460,2
36502,1
36505,1
36507,1
36526,4
36527,1
36530,1
36532,10
36535,7
36541,1
36542,3
36560,1
36561,5
36567,1
36580,2
36582,1
36602,9
36603,3
36604,3
36606,4
36607,1
36608,1
36609,4
36701,4
36703,2
36732,2
36744,1
36756,1
36801,5
36804,1
36830,3
36856,1
36867,3
36877,1
36908,1
37013,1
37015,1
37027,5
37030,3
37031,2
37040,4
37042,1
37043,2
37047,1
37050,1
37055,3
37058,1
37064,11
37066,6
37067,3
37069,3
37072,3
37073,1
37075,5
37078,1
37087,3
37095,1
37110,3
37122,1
37128,1
37129,4
37130,6
37138,2
37143,1
37153,1
37160,3
37166,1
37167,2
37172,1
37174,2
37185,1
37188,2
37190,1
37201,2
37203,7
37204,6
37205,7
37206,2
37207,1
37208,1
37209,6
37210,3
37211,5
37212,6
37214,3
37215,6
37217,1
37219,7
37220,2
37303,4
37306,1
37311,1
37317,1
37318,1
37322,1
37329,1
37330,1
37334,2
37343,1
37350,1
37352,1
37355,2
37363,1
37373,1
37377,2
37385,2
37388,3
37397,1
37398,2
37402,7
37403,7
37404,1
37405,8
37406,1
37408,7
37409,1
37411,2
37412,1
37415,3
37421,8
37601,4
37604,1
37615,1
37620,2
37642,1
37650,1
37659,6
37660,2
37664,1
37692,1
37716,3
37724,1
37725,2
37738,31
37742,1
37743,4
37745,1
37755,1
37756,1
37757,1
37760,1
37763,1
37766,3
37771,1
37774,1
37803,1
37804,2
37807,1
37814,5
37830,5
37849,1
37857,3
37862,6
37863,11
37871,1
37876,6
37879,1
37882,3
37885,3
37902,7
37909,1
37914,2
37915,4
37916,2
37917,3
37918,3
37919,9
37920,5
37922,7
37923,1
38002,1
38004,1
38008,1
38012,3
38016,1
38017,3
38018,2
38019,2
38024,1
38028,1
38039,1
38041,1
38053,1
38063,1
38079,1
38103,17
38104,7
38105,2
38106,3
38107,2
38109,3
38111,5
38112,5
38116,2
38117,7
38118,1
38119,1
38126,3
38133,2
38134,1
38135,1
38138,1
38139,1
38201,1
38241,1
38242,2
38261,1
38301,11
38305,4
38310,1
38326,1
38343,4
38351,2
38358,1
38366,1
38372,2
38375,1
38401,5
38462,1
38464,1
38474,1
38478,2
38501,8
38549,1
38555,4
38556,1
38558,1
38570,3
38571,1
38574,1
38583,3
38603,1
38614,2
38632,1
38635,3
38652,2
38655,3
38663,1
38668,1
38671,4
38676,1
38701,2
38703,3
38732,3
38751,1
38756,2
38801,1
38804,3
38824,1
38829,1
38834,8
38852,1
38855,1
38930,1
38951,1
38965,1
39038,2
39046,1
39047,1
39056,2
39083,1
39090,2
39095,1
39120,6
39150,1
39157,6
39180,1
39183,5
39194,2
39201,5
39202,6
39206,1
39209,2
39211,2
39216,9
39232,2
39301,7
39305,1
39350,1
39354,1
39355,1
39401,8
39402,1
39429,1
39440,5
39451,1
39452,1
39465,1
39466,4
39501,2
39503,3
39507,3
39520,6
39525,2
39530,7
39531,3
39532,1
39540,2
39560,2
39564,17
39567,1
39571,4
39576,1
39581,1
39631,1
39648,2
39701,1
39705,1
39759,3
39817,2
39823,1
39828,2
39842,1
40004,5
40031,3
40051,2
40059,1
40065,2
40071,1
40108,1
40165,1
40175,1
40202,15
40203,2
40204,2
40205,3
40206,12
40207,6
40208,2
40212,1
40213,4
40215,1
40220,1
40222,2
40223,1
40229,1
40241,1
40242,1
40243,1
40258,1
40272,4
40292,1
40299,1
40311,3
40324,5
40330,2
40347,1
40351,2
40353,1
40356,4
40359,1
40361,4
40383,10
40391,3
40403,6
40422,3
40444,1
40456,1
40468,1
40475,3
40502,4
40503,4
40504,1
40505,2
40507,17
40508,5
40509,2
40510,2
40511,3
40513,2
40514,1
40515,1
40517,2
40601,7
40701,1
40741,3
40744,1
40769,1
40831,1
40962,1
41001,1
41003,1
41005,2
41007,1
41011,7
41016,1
41017,2
41031,1
41041,1
41042,2
41056,4
41071,2
41075,2
41080,1
41091,1
41101,5
41164,1
41230,1
41240,2
41339,1
41472,1
41501,1
41522,1
41653,2
41701,1
41822,1
41858,2
42001,15
42003,1
42024,1
42025,1
42064,2
42066,1
42071,2
42082,1
42101,11
42104,4
42127,1
42134,4
42141,3
42164,1
42206,1
42211,2
42223,1
42240,1
42276,4
42301,2
42303,6
42320,1
42345,1
42347,1
42408,1
42413,1
42420,4
42431,3
42437,1
42445,3
42501,3
42503,1
42629,1
42633,1
42642,1
42701,6
42718,1
42740,1
42748,1
42749,4
42754,1
42765,2
43015,4
43016,1
43023,4
43025,3
43026,2
43031,1
43035,1
43040,1
43050,3
43054,1
43055,7
43056,1
43061,1
43062,1
43064,1
43065,2
43068,1
43078,2
43081,4
43082,1
43085,5
43103,1
43105,1
43110,2
43112,1
43113,2
43123,2
43125,2
43128,1
43130,7
43138,1
43140,1
43147,3
43149,1
43155,1
43160,1
43162,1
43201,4
43202,2
43203,1
43205,3
43206,4
43209,3
43210,1
43211,2
43212,3
43215,20
43220,3
43221,1
43229,1
43230,2
43232,2
43235,1
43240,1
43302,8
43311,2
43316,1
43326,2
43351,2
43402,4
43410,1
43420,1
43440,5
43452,5
43512,1
43522,2
43528,3
43537,4
43543,1
43545,1
43551,2
43560,4
43566,2
43567,1
43604,2
43606,2
43608,1
43609,1
43610,1
43611,1
43612,1
43616,1
43620,2
43623,3
43624,5
43701,6
43713,1
43723,1
43724,1
43725,5
43730,1
43731,1
43739,1
43756,1
43762,2
43767,1
43793,1
43812,2
43832,1
43844,1
43906,2
43907,2
43920,4
43935,1
43950,2
43952,3
43964,2
43968,1
44004,3
44011,1
44012,3
44017,1
44022,3
44026,1
44030,2
44035,3
44041,1
44044,1
44047,2
44052,1
44054,1
44057,2
44060,6
44062,2
44065,1
44070,2
44072,1
44074,5
44077,4
44081,1
44087,2
44089,2
44090,1
44092,2
44094,3
44095,2
44102,3
44103,2
44105,1
44106,18
44107,8
44108,1
44109,3
44111,1
44113,10
44114,9
44115,1
44116,2
44117,1
44118,2
44119,1
44120,7
44121,1
44122,5
44123,1
44124,2
44125,1
44127,1
44129,2
44133,2
44134,1
44136,6
44138,2
44139,3
44140,1
44141,3
44143,1
44144,1
44145,1
44146,3
44202,2
44212,1
44221,2
44223,1
44230,1
44231,1
44233,1
44236,4
44240,4
44253,1
44256,5
44264,4
44266,1
44272,1
44273,1
44278,2
44281,1
44286,2
44303,2
44304,1
44308,3
44310,1
44311,3
44313,5
44319,1
44320,2
44321,2
44333,4
44401,1
44406,2
44410,1
44413,1
44420,1
44432,1
44438,1
44444,1
44446,4
44452,1
44460,4
44481,1
44483,3
44484,1
44485,1
44502,1
44503,3
44512,2
44514,4
44555,2
44601,2
44612,1
44613,1
44614,1
44615,4
44621,1
44622,4
44629,1
44632,1
44643,1
44646,5
44647,2
44654,2
44662,2
44663,3
44667,2
44672,1
44676,1
44681,2
44683,1
44685,1
44691,4
44702,7
44703,1
44708,4
44709,3
44714,1
44718,3
44720,7
44805,2
44811,3
44820,1
44827,1
44830,2
44833,1
44839,1
44842,2
44846,2
44857,1
44865,1
44870,7
44875,1
44883,7
44902,7
44903,1
44904,1
44905,2
44906,1
45003,1
45005,1
45011,2
45013,1
45036,3
45040,5
45042,2
45044,2
45050,1
45056,2
45065,1
45066,1
45068,3
45069,4
45103,2
45111,1
45121,2
45122,1
45123,1
45133,1
45140,1
45144,1
45150,3
45167,3
45169,1
45174,1
45177,1
45202,20
45203,5
45206,3
45208,6
45209,3
45211,1
45213,1
45214,3
45215,4
45217,1
45219,1
45220,4
45223,1
45225,1
45226,1
45227,5
45230,1
45231,1
45237,1
45238,1
45239,1
45241,1
45242,2
45243,4
45244,2
45246,1
45249,1
45251,1
45252,1
45255,1
45304,1
45305,1
45323,1
45324,2
45327,1
45331,2
45339,1
45342,4
45344,1
45356,2
45365,5
45368,1
45373,7
45377,3
45380,1
45383,2
45385,2
45402,5
45405,1
45407,3
45409,3
45414,2
45415,2
45418,1
45419,1
45424,2
45427,1
45429,4
45430,1
45431,2
45439,1
45440,1
45449,1
45459,5
45502,2
45504,4
45505,1
45506,1
45601,8
45631,4
45638,1
45640,2
45651,1
45656,1
45662,2
45690,1
45693,3
45701,4
45714,1
45750,9
45764,2
45769,1
45801,2
45806,1
45807,1
45817,1
45822,2
45833,2
45840,7
45860,1
45865,2
45869,3
45872,1
45875,1
45885,3
45891,2
45895,6
46013,1
46016,3
46032,11
46033,1
46038,4
46040,1
46041,2
46060,7
46064,1
46069,1
46071,5
46072,1
46074,2
46077,12
46106,1
46112,1
46121,1
46122,1
46131,3
46135,4
46140,2
46142,1
46143,3
46148,1
46151,3
46158,1
46168,1
46173,1
46176,1
46202,10
46203,3
46204,6
46208,4
46216,1
46219,3
46220,11
46221,1
46222,1
46224,2
46226,2
46227,1
46235,1
46240,3
46250,2
46254,1
46260,1
46268,2
46278,1
46304,3
46307,4
46319,3
46321,2
46323,1
46342,2
46350,8
46360,13
46366,1
46368,1
46375,1
46383,9
46385,1
46394,1
46403,2
46410,3
46507,4
46511,1
46514,3
46516,5
46517,2
46528,2
46530,1
46534,1
46544,2
46545,2
46561,1
46562,1
46563,2
46565,2
46567,3
46574,1
46580,1
46590,2
46601,8
46615,3
46616,1
46617,2
46628,1
46637,1
46701,3
46703,1
46706,3
46714,2
46725,1
46733,1
46738,3
46740,1
46750,5
46755,3
46767,2
46774,1
46802,7
46804,5
46805,3
46806,1
46807,1
46808,3
46815,1
46901,4
46902,2
46923,1
46928,2
46933,1
46936,2
46938,1
46947,4
46953,2
46962,1
46970,4
46975,2
47001,1
47006,2
47025,4
47032,1
47036,1
47037,1
47040,3
47042,1
47043,3
47112,2
47126,1
47129,1
47130,3
47135,1
47150,7
47162,1
47167,3
47170,1
47201,4
47203,1
47220,1
47240,2
47250,9
47274,4
47303,5
47304,1
47305,7
47331,1
47336,1
47340,2
47345,1
47346,2
47348,1
47356,1
47362,5
47371,2
47374,10
47390,1
47394,1
47401,3
47404,6
47405,1
47408,3
47421,2
47424,1
47432,3
47441,1
47448,17
47459,1
47460,2
47501,3
47546,2
47581,1
47591,9
47601,1
47630,1
47631,2
47640,1
47647,1
47670,3
47708,3
47713,4
47715,4
47802,2
47803,2
47804,1
47807,6
47834,1
47847,1
47868,1
47872,2
47882,2
47901,10
47904,1
47905,5
47906,1
47918,1
47933,3
47951,2
47960,1
47971,1
47987,1
48001,1
48009,12
48014,1
48017,2
48021,1
48025,1
48030,2
48038,4
48039,2
48040,2
48043,3
48047,2
48051,1
48054,1
48060,11
48065,3
48067,8
48069,1
48070,1
48073,5
48075,2
48076,1
48079,4
48080,1
48083,3
48084,3
48085,3
48092,1
48094,2
48095,1
48098,2
48103,3
48104,17
48105,2
48108,3
48109,3
48111,1
48116,2
48118,2
48124,5
48126,1
48127,1
48130,3
48131,1
48134,2
48135,2
48137,1
48138,1
48146,1
48150,2
48152,2
48154,2
48158,1
48160,2
48161,3
48162,3
48167,6
48169,1
48170,4
48173,1
48176,2
48178,3
48183,1
48185,1
48189,1
48192,7
48197,5
48198,1
48201,8
48202,9
48204,1
48207,4
48208,2
48209,2
48212,2
48215,1
48216,1
48219,1
48220,8
48221,3
48224,2
48226,4
48227,1
48230,5
48235,2
48236,6
48237,3
48238,1
48239,1
48301,3
48302,1
48304,2
48306,1
48307,8
48309,1
48310,1
48312,1
48316,2
48317,1
48320,2
48322,4
48323,3
48326,3
48327,1
48334,3
48335,3
48336,3
48341,1
48342,1
48346,4
48348,1
48360,2
48362,2
48371,3
48375,3
48377,1
48381,4
48393,2
48415,1
48420,2
48423,1
48430,1
48433,3
48439,6
48442,2
48444,1
48446,3
48457,1
48462,1
48467,1
48468,1
48469,1
48503,9
48504,2
48506,1
48601,1
48602,3
48604,1
48607,1
48611,1
48612,1
48615,1
48619,1
48623,1
48624,1
48640,6
48642,1
48653,2
48655,1
48657,2
48706,5
48708,7
48722,2
48723,1
48725,1
48730,2
48734,3
48738,1
48744,1
48746,1
48749,1
48755,1
48768,1
48818,1
48820,1
48823,6
48824,2
48837,1
48838,2
48843,3
48846,1
48847,1
48849,1
48854,2
48858,8
48864,10
48867,6
48879,2
48906,9
48911,1
48912,1
48915,1
48917,1
48933,7
49001,2
49002,4
49004,1
49006,1
49007,8
49009,2
49010,1
49014,1
49015,1
49017,9
49022,1
49024,4
49026,1
49036,1
49038,1
49042,2
49046,1
49047,3
49057,1
49058,1
49060,3
49068,5
49078,1
49079,2
49080,1
49085,9
49090,7
49091,2
49093,4
49094,2
49097,1
49101,1
49103,1
49107,2
49112,1
49117,3
49120,2
49125,1
49128,3
49129,1
49203,2
49221,1
49224,2
49230,1
49236,1
49237,2
49240,3
49241,1
49250,1
49251,1
49259,1
49269,1
49274,2
49277,1
49286,1
49301,1
49306,1
49307,2
49315,3
49319,1
49325,1
49326,1
49330,1
49331,3
49337,2
49341,2
49348,1
49401,1
49404,3
49408,2
49412,2
49417,6
49420,1
49423,11
49424,1
49426,1
49431,6
49437,3
49440,10
49441,3
49444,1
49445,1
49449,2
49453,15
49456,2
49464,1
49503,6
49504,7
49506,8
49507,2
49512,2
49525,1
49546,1
49548,1
49601,1
49613,1
49615,1
49616,2
49617,2
49629,4
49630,4
49636,5
49645,2
49651,2
49654,3
49660,4
49663,1
49670,1
49682,4
49684,10
49686,3
49690,1
49701,3
49707,8
49712,1
49715,2
49720,5
49721,3
49727,1
49735,2
49738,4
49740,16
49746,1
49756,1
49757,1
49765,2
49766,1
49768,1
49770,8
49779,4
49781,4
49782,3
49783,9
49801,2
49829,5
49835,1
49837,1
49849,3
49854,1
49855,4
49858,3
49862,3
49866,3
49893,1
49913,2
49916,1
49920,1
49930,3
49931,1
49938,5
49953,3
49968,1
50003,1
50010,4
50011,1
50014,2
50021,3
50036,4
50050,1
50054,2
50060,1
50075,1
50105,1
50112,3
50124,1
50125,4
50126,2
50129,2
50131,2
50135,1
50138,2
50140,3
50151,1
50153,1
50156,3
50158,4
50167,1
50201,1
50208,3
50213,2
50219,4
50220,2
50230,1
50248,2
50263,1
50265,6
50266,2
50273,3
50309,5
50312,6
50313,1
50315,5
50322,4
50323,1
50401,6
50421,1
50423,1
50428,4
50441,1
50449,1
50456,2
50459,1
50461,2
50468,1
50472,1
50501,4
50524,1
50525,2
50529,1
50533,1
50569,1
50579,1
50581,1
50588,4
50604,1
50613,6
50616,4
50627,1
50638,1
50644,1
50658,2
50660,1
50662,1
50669,1
50670,1
50675,1
50701,7
50702,2
50703,1
50707,1
50801,2
50833,1
50841,2
50849,1
50853,1
50858,1
51012,3
51031,3
51101,6
51103,1
51104,1
51201,1
51249,1
51301,2
51331,3
51334,2
51355,2
51360,3
51401,3
51450,1
51466,1
51501,2
51503,5
51531,4
51534,2
51535,2
51536,1
51537,1
51540,1
51544,1
51546,1
51552,1
51558,1
51559,1
51560,1
51566,2
51573,1
51579,2
51601,2
51632,2
51649,1
51652,1
52001,6
52002,1
52003,1
52030,1
52031,2
52040,3
52049,1
52060,3
52076,2
52101,10
52135,1
52136,1
52141,1
52157,2
52172,1
52175,3
52202,1
52203,4
52205,4
52208,1
52211,1
52224,1
52236,1
52240,6
52241,4
52242,3
52245,2
52246,2
52247,4
52301,2
52302,6
52309,1
52310,1
52314,1
52318,1
52320,1
52339,1
52342,2
52349,1
52358,1
52361,1
52401,7
52402,3
52403,6
52404,2
52405,1
52501,5
52531,2
52537,2
52544,1
52554,1
52556,6
52565,1
52572,1
52577,2
52591,2
52601,9
52620,1
52627,3
52632,3
52640,1
52641,2
52645,1
52653,1
52722,3
52732,4
52742,1
52756,1
52761,1
52772,1
52801,5
52802,2
52803,2
52804,2
52806,1
53005,2
53012,7
53014,1
53018,3
53020,1
53024,1
53027,1
53029,3
53032,1
53040,1
53042,1
53044,3
53045,1
53050,2
53051,2
53061,2
53066,4
53072,3
53073,2
53074,1
53076,2
53081,9
53083,1
53085,3
53089,1
53090,1
53091,1
53092,5
53094,2
53095,3
53097,1
53104,1
53105,3
53110,1
53115,4
53120,1
53121,3
53122,3
53126,1
53129,1
53130,1
53132,1
53140,7
53142,1
53143,4
53144,1
53146,1
53147,5
53149,1
53151,1
53156,1
53158,3
53168,1
53172,1
53178,1
53181,1
53185,3
53186,10
53188,2
53190,1
53202,24
53203,2
53204,4
53206,1
53207,3
53208,3
53211,4
53212,1
53213,3
53214,1
53215,2
53217,1
53220,1
53222,1
53226,1
53227,2
53233,4
53235,1
53402,2
53403,10
53404,2
53508,1
53511,5
53517,1
53520,3
53523,1
53528,1
53531,1
53533,1
53534,2
53536,1
53538,2
53545,7
53546,2
53548,6
53549,2
53550,1
53558,1
53560,2
53562,6
53563,2
53565,6
53566,4
53570,1
53572,3
53574,2
53575,1
53578,3
53581,1
53586,1
53588,4
53589,3
53590,1
53593,7
53597,1
53703,13
53704,5
53705,1
53706,6
53711,5
53715,3
53716,2
53717,1
53718,1
53719,3
53726,1
53805,1
53806,1
53809,3
53813,1
53818,4
53820,2
53821,4
53901,3
53913,9
53916,3
53925,1
53929,1
53934,1
53946,1
53948,1
53951,1
53954,1
53955,1
53959,2
53961,1
53964,1
53965,8
54001,2
54005,2
54016,4
54017,1
54020,2
54021,1
54022,1
54024,1
54110,1
54115,4
54129,1
54130,1
54138,1
54143,1
54153,2
54157,2
54166,3
54170,1
54173,2
54201,3
54202,2
54209,7
54210,3
54212,6
54216,4
54220,13
54234,3
54235,7
54241,4
54301,9
54302,1
54303,7
54304,5
54311,2
54313,3
54401,1
54403,4
54409,2
54449,2
54451,3
54452,2
54456,2
54469,1
54481,8
54487,1
54494,3
54495,1
54501,1
54520,1
54534,1
54538,2
54539,2
54540,1
54545,2
54548,5
54560,1
54562,1
54568,1
54601,7
54610,3
54612,1
54615,3
54622,1
54627,1
54650,1
54656,4
54660,2
54665,2
54667,1
54669,1
54701,3
54703,4
54722,1
54729,5
54730,1
54736,1
54751,2
54759,2
54768,1
54769,1
54801,5
54806,5
54812,1
54814,4
54819,1
54821,1
54822,1
54829,2
54830,1
54832,2
54838,1
54840,1
54843,6
54848,2
54854,2
54858,1
54865,2
54868,1
54871,2
54880,7
54891,3
54901,6
54902,1
54911,13
54913,1
54923,1
54929,1
54935,6
54941,1
54945,1
54952,2
54956,3
54961,3
54963,1
54971,2
54981,3
54982,1
54983,2
55001,2
55008,1
55009,1
55013,1
55021,4
55025,1
55033,4
55041,1
55042,1
55045,2
55047,3
55051,2
55057,3
55060,5
55066,3
55072,1
55074,2
55075,2
55076,1
55082,5
55084,1
55101,7
55102,13
55103,1
55104,2
55105,4
55108,1
55109,3
55110,1
55111,1
55113,2
55114,2
55116,1
55118,1
55124,1
55125,5
55302,3
55303,4
55305,3
55306,2
55308,1
55313,1
55317,1
55318,3
55321,1
55322,1
55325,3
55330,1
55331,2
55337,2
55344,3
55345,2
55347,2
55349,1
55350,3
55355,5
55356,2
55358,1
55364,2
55369,5
55371,1
55374,1
55378,3
55379,3
55387,2
55391,3
55398,1
55401,4
55402,4
55403,10
55404,5
55405,5
55406,4
55407,7
55408,8
55409,1
55410,4
55411,3
55413,9
55414,5
55415,1
55416,6
55417,1
55418,1
55419,9
55422,2
55426,1
55431,1
55432,2
55435,7
55436,1
55441,1
55447,1
55449,2
55454,1
55455,2
55603,1
55604,5
55605,1
55612,1
55616,1
55703,1
55709,1
55719,1
55720,3
55731,5
55734,1
55744,11
55746,4
55771,1
55790,1
55792,2
55802,13
55803,2
55805,1
55806,1
55901,3
55902,10
55904,1
55912,5
55921,1
55935,1
55944,1
55949,1
55951,1
55953,2
55955,3
55962,1
55964,1
55965,1
55971,1
55974,1
55975,1
55976,1
55981,2
55985,1
55987,5
55992,3
56001,7
56007,2
56013,2
56027,1
56031,1
56044,1
56058,2
56062,1
56071,1
56073,4
56082,3
56085,2
56093,3
56096,1
56098,1
56101,1
56123,1
56131,1
56150,1
56156,5
56159,1
56164,1
56180,1
56187,3
56201,4
56209,1
56215,1
56219,1
56220,1
56223,1
56241,1
56256,1
56258,4
56267,2
56270,1
56273,1
56278,1
56283,2
56285,1
56301,4
56303,2
56308,4
56326,1
56329,2
56331,1
56334,1
56343,1
56345,3
56347,1
56352,1
56353,1
56359,1
56362,2
56364,1
56374,3
56378,3
56379,1
56401,9
56431,4
56441,2
56442,2
56461,1
56464,1
56468,3
56470,6
56472,1
56479,2
56482,1
56484,1
56501,2
56515,2
56520,1
56531,1
56537,5
56542,2
56556,1
56560,4
56573,3
56587,1
56601,7
56623,1
56628,1
56636,1
56649,3
56672,1
56678,1
56721,1
56734,1
56738,1
56751,2
56763,1
57004,1
57005,1
57006,3
57013,1
57022,1
57026,1
57028,1
57029,2
57066,1
57069,2
57078,5
57103,6
57104,4
57105,5
57201,7
57225,1
57226,1
57231,1
57252,1
57262,1
57274,3
57301,8
57325,1
57331,1
57349,1
57350,2
57366,1
57369,1
57401,5
57430,1
57437,1
57442,1
57501,6
57532,1
57579,1
57601,1
57638,1
57701,22
57702,3
57717,1
57719,1
57730,5
57732,6
57745,6
57747,4
57751,1
57754,1
57783,5
57785,2
57790,1
58032,1
58045,1
58046,1
58061,1
58072,1
58075,2
58077,1
58078,1
58102,7
58103,5
58104,2
58201,5
58203,2
58261,1
58344,1
58401,5
58425,1
58474,1
58501,7
58504,2
58523,1
58540,1
58545,1
58554,3
58570,1
58601,2
58623,1
58639,1
58701,5
58703,3
58801,3
59011,3
59019,1
59030,2
59034,3
59047,18
59052,1
59068,4
59070,1
59072,1
59086,1
59101,19
59102,7
59105,2
59106,1
59201,3
59230,1
59270,2
59301,2
59330,5
59337,1
59347,1
59401,7
59404,2
59405,6
59425,1
59427,1
59457,4
59474,2
59501,5
59522,1
59523,2
59538,2
59601,13
59602,2
59644,1
59645,3
59701,7
59711,3
59715,22
59718,2
59722,5
59725,3
59729,2
59741,1
59749,1
59801,8
59802,8
59804,1
59808,3
59820,1
59824,1
59833,1
59840,10
59860,6
59864,2
59868,1
59870,3
59872,1
59875,1
59901,7
59911,13
59912,1
59917,1
59923,1
59937,8
60002,5
60004,4
60005,4
60007,5
60008,3
60010,8
60012,1
60014,3
60015,2
60016,4
60018,2
60022,5
60025,3
60026,6
60030,1
60031,3
60033,2
60035,7
60041,2
60043,2
60044,2
60045,7
60046,1
60047,9
60048,6
60053,2
60056,3
60060,2
60061,4
60062,8
60064,1
60067,2
60068,4
60073,1
60076,3
60077,6
60084,4
60085,1
60087,2
60089,2
60090,3
60091,4
60093,7
60098,4
60099,3
60101,2
60102,3
60103,2
60115,8
60118,7
60119,1
60120,5
60123,1
60126,10
60130,3
60134,11
60137,2
60139,1
60143,3
60148,7
60152,2
60154,1
60155,1
60171,2
60172,1
60173,4
60174,7
60175,1
60178,2
60180,5
60181,1
60185,7
60187,9
60188,2
60190,3
60191,2
60193,2
60195,1
60201,18
60202,2
60208,1
60301,1
60302,8
60304,4
60305,1
60401,1
60402,1
60406,2
60408,1
60409,3
60411,2
60419,1
60420,1
60423,5
60425,1
60426,1
60429,1
60430,2
60432,4
60435,1
60438,1
60439,2
60440,1
60441,4
60443,3
60445,1
60446,1
60448,4
60450,1
60459,1
60461,1
60462,2
60463,1
60464,2
60466,5
60468,1
60473,2
60476,1
60477,4
60481,1
60490,2
60504,2
60505,9
60506,4
60510,5
60513,2
60514,1
60515,6
60516,2
60517,1
60518,1
60521,6
60523,5
60525,6
60527,3
60532,2
60538,1
60540,6
60541,1
60544,2
60545,1
60546,4
60548,1
60550,1
60554,2
60555,3
60556,1
60558,3
60560,2
60561,2
60563,3
60564,1
60601,10
60602,4
60603,3
60604,4
60605,20
60606,2
60607,26
60608,9
60609,2
60610,65
60611,31
60612,8
60613,6
60614,20
60615,4
60616,24
60617,2
60618,5
60619,1
60620,1
60622,37
60623,1
60624,2
60625,7
60626,7
60628,3
60629,5
60630,2
60631,1
60633,1
60634,3
60636,1
60637,11
60639,5
60640,7
60641,3
60643,5
60644,1
60645,5
60647,11
60649,1
60652,2
60653,4
60654,1
60655,1
60657,13
60659,2
60660,4
60661,2
60666,2
60714,3
60804,1
60805,1
60901,4
60914,3
60915,2
60938,1
60941,1
60954,2
60957,1
60970,4
61008,2
61010,1
61016,1
61021,3
61028,2
61032,7
61036,14
61053,2
61061,5
61063,1
61064,1
61065,2
61068,1
61072,2
61073,2
61074,1
61081,4
61085,1
61102,3
61103,6
61104,1
61107,6
61109,1
61114,3
61201,8
61231,2
61238,1
61240,1
61244,1
61252,2
61254,3
61265,2
61270,2
61310,1
61342,1
61348,1
61350,5
61356,3
61361,1
61364,1
61373,1
61401,8
61412,1
61422,1
61434,3
61443,2
61448,1
61455,3
61462,4
61483,1
61523,1
61525,2
61540,1
61542,2
61548,2
61554,5
61559,1
61571,3
61602,4
61603,7
61604,1
61605,2
61606,1
61611,1
61614,5
61615,1
61616,2
61701,10
61704,2
61724,1
61727,2
61732,1
61739,1
61744,1
61753,1
61761,3
61764,5
61801,10
61802,1
61813,1
61817,1
61820,13
61821,2
61822,2
61832,8
61833,1
61853,1
61856,10
61866,3
61884,1
61910,2
61920,5
61938,2
61944,4
61951,1
61953,1
62002,8
62018,1
62025,14
62028,2
62034,2
62035,3
62037,1
62040,1
62052,1
62053,1
62056,2
62084,1
62095,1
62206,3
62208,1
62220,12
62221,1
62226,1
62234,5
62236,1
62241,1
62246,2
62249,1
62258,2
62263,1
62269,2
62271,1
62274,1
62278,2
62286,1
62293,2
62294,1
62298,3
62301,10
62321,3
62339,1
62354,2
62363,1
62401,2
62428,1
62439,1
62441,2
62448,1
62450,1
62451,1
62454,2
62467,1
62471,4
62521,4
62522,5
62523,2
62526,2
62548,1
62550,1
62561,1
62565,2
62613,1
62618,1
62626,1
62650,4
62656,3
62670,1
62677,1
62681,2
62691,1
62694,1
62701,20
62702,5
62703,3
62704,5
62712,2
62801,1
62812,2
62821,2
62863,1
62864,2
62896,2
62897,1
62901,5
62914,3
62946,1
62958,1
62959,2
62960,2
62966,3
62984,1
63005,6
63010,2
63011,2
63017,5
63021,3
63026,2
63031,3
63033,1
63034,1
63042,1
63043,1
63050,1
63052,1
63056,1
63074,1
63077,2
63080,3
63084,2
63090,5
63101,5
63102,3
63103,13
63104,7
63105,8
63106,1
63107,1
63108,13
63110,6
63111,3
63112,2
63113,1
63114,2
63116,2
63117,2
63118,4
63119,6
63122,11
63123,4
63124,2
63125,2
63126,1
63129,2
63130,3
63131,2
63132,2
63134,1
63135,1
63139,2
63141,3
63143,2
63144,1
63146,1
63301,10
63303,1
63334,1
63336,1
63341,1
63352,1
63353,1
63366,1
63376,2
63379,1
63383,2
63390,1
63401,9
63435,1
63445,1
63448,1
63468,1
63501,5
63537,1
63552,1
63555,1
63628,1
63640,1
63645,1
63650,2
63670,4
63701,5
63739,1
63748,1
63755,2
63764,2
63775,1
63801,2
63825,1
63834,1
63841,2
63857,2
63863,2
63869,2
63901,7
63935,1
63937,1
63960,1
64012,1
64015,1
64020,1
64024,2
64030,1
64037,1
64040,1
64050,11
64052,3
64054,1
64055,1
64060,1
64063,3
64067,1
64068,6
64070,2
64079,1
64081,1
64083,1
64085,1
64086,1
64089,2
64093,4
64097,1
64098,2
64101,1
64102,2
64105,4
64106,1
64108,28
64110,4
64111,9
64112,1
64113,4
64114,2
64116,2
64119,1
64123,1
64126,1
64130,1
64132,1
64133,2
64145,1
64151,1
64152,5
64153,2
64154,2
64156,1
64157,1
64424,1
64468,1
64470,1
64501,4
64503,4
64506,4
64601,3
64628,1
64633,2
64701,1
64730,1
64735,3
64759,1
64772,2
64788,1
64801,8
64836,8
64844,1
64850,1
64870,1
65018,1
65020,1
65041,3
65049,1
65051,1
65063,1
65065,5
65066,1
65082,1
65084,1
65101,6
65109,4
65201,15
65203,2
65211,1
65233,5
65240,1
65248,1
65251,3
65261,1
65265,4
65270,1
65275,1
65279,1
65301,5
65325,1
65340,3
65360,1
65401,4
65453,2
65456,1
65457,1
65536,3
65559,4
65560,1
65604,1
65613,2
65616,23
65619,1
65653,1
65672,1
65704,2
65706,1
65708,2
65712,2
65714,1
65721,1
65723,1
65737,1
65742,1
65757,1
65771,1
65775,4
65802,2
65803,4
65804,7
65806,8
65807,7
65809,1
65810,1
66002,5
66007,1
66012,4
66021,1
66025,1
66027,2
66030,1
66032,3
66040,1
66043,1
66044,6
66045,3
66046,1
66048,6
66049,2
66050,3
66061,2
66062,1
66064,1
66067,4
66071,2
66075,1
66092,1
66101,1
66102,1
66103,1
66109,1
66111,2
66202,1
66203,3
66204,5
66205,3
66206,1
66208,1
66209,2
66210,2
66211,2
66212,1
66215,2
66217,4
66221,1
66223,1
66226,1
66413,1
66434,3
66436,1
66441,2
66442,1
66502,9
66507,1
66508,3
66514,1
66526,2
66536,2
66538,1
66547,2
66603,1
66604,8
66606,3
66607,1
66612,1
66614,2
66615,2
66619,3
66720,2
66736,3
66739,1
66748,2
66749,6
66757,4
66783,2
66801,8
66839,1
66845,4
66846,4
66861,1
66901,2
66935,3
66939,1
66945,1
66964,1
66968,2
67003,1
67005,3
67010,1
67013,1
67025,1
67026,1
67029,1
67037,1
67039,1
67042,6
67045,2
67054,2
67056,3
67057,1
67058,1
67062,2
67063,2
67068,5
67070,1
67104,3
67107,1
67110,1
67114,4
67117,1
67124,2
67144,2
67147,1
67152,1
67156,3
67202,12
67203,8
67205,1
67206,2
67207,1
67208,2
67209,1
67212,2
67216,1
67218,1
67220,1
67221,1
67260,1
67301,4
67336,1
67337,1
67356,2
67357,3
67401,10
67410,9
67420,1
67432,1
67436,1
67437,1
67439,2
67449,1
67454,1
67455,3
67456,5
67460,3
67464,2
67467,1
67473,2
67487,2
67501,10
67502,2
67505,1
67520,2
67522,1
67526,1
67530,4
67550,1
67554,1
67560,1
67576,1
67578,1
67601,11
67632,1
67637,4
67648,2
67654,2
67661,1
67665,1
67669,2
67701,2
67730,1
67735,4
67748,4
67749,2
67764,1
67801,3
67846,3
67860,1
67864,3
67867,1
67878,1
67880,4
67901,4
67951,2
68003,4
68004,1
68005,2
68008,1
68010,1
68023,3
68025,3
68028,1
68045,1
68048,2
68057,1
68061,4
68064,1
68066,2
68102,12
68104,1
68105,2
68107,4
68110,1
68111,2
68112,1
68113,1
68114,4
68123,1
68124,1
68127,1
68130,1
68131,1
68132,3
68134,1
68136,1
68137,1
68144,1
68154,2
68164,1
68305,1
68310,2
68321,1
68333,1
68349,1
68355,2
68370,1
68405,1
68410,6
68414,1
68420,1
68434,2
68446,2
68450,1
68453,1
68463,1
68465,3
68467,2
68502,4
68503,1
68504,2
68505,2
68506,1
68508,15
68510,1
68516,1
68523,1
68524,1
68588,4
68601,4
68620,1
68629,1
68651,1
68661,1
68701,5
68729,1
68739,1
68748,1
68756,3
68760,3
68763,1
68767,1
68770,1
68801,5
68803,2
68810,1
68818,2
68822,2
68836,1
68843,1
68845,1
68847,7
68850,3
68863,1
68873,1
68901,4
68922,1
68933,1
68949,2
68959,3
68970,5
68978,1
69001,4
69021,2
69022,1
69023,1
69101,4
69130,2
69138,3
69140,1
69153,2
69154,1
69162,4
69201,2
69210,1
69301,3
69333,1
69337,6
69339,2
69341,2
69345,1
69346,1
69350,1
69361,5
70001,1
70002,2
70003,1
70005,1
70006,1
70043,1
70047,1
70053,2
70056,1
70058,2
70062,1
70065,1
70067,1
70068,1
70071,1
70085,2
70094,2
70112,2
70113,4
70114,2
70115,19
70116,43
70117,1
70118,4
70119,1
70123,1
70124,2
70127,1
70129,1
70130,68
70301,4
70346,2
70360,7
70364,1
70374,1
70380,4
70401,3
70403,1
70420,4
70427,1
70433,11
70438,1
70443,1
70444,1
70445,1
70446,1
70447,2
70448,2
70452,1
70454,2
70458,3
70460,3
70461,1
70471,1
70501,7
70503,9
70506,3
70508,2
70510,2
70525,1
70526,2
70538,2
70542,2
70544,1
70546,2
70548,2
70560,5
70570,2
70578,2
70582,1
70586,1
70601,7
70605,3
70633,1
70634,1
70663,3
70669,1
70706,1
70714,2
70721,1
70725,1
70726,1
70737,3
70748,1
70760,1
70764,1
70767,2
70775,1
70791,3
70801,2
70802,8
70803,1
70806,5
70808,6
70809,6
70810,1
70811,2
70815,1
70816,2
71027,1
71028,1
71033,1
71037,1
71040,1
71052,1
71055,2
71101,4
71104,3
71105,2
71106,3
71107,2
71108,1
71109,2
71111,2
71115,1
71118,1
71119,1
71201,4
71202,2
71203,4
71220,1
71222,1
71229,1
71238,1
71251,1
71254,1
71270,4
71282,1
71291,2
71301,5
71302,1
71303,1
71322,1
71327,1
71334,1
71342,2
71346,1
71351,1
71355,1
71360,3
71411,1
71417,1
71418,1
71446,1
71457,4
71463,1
71483,1
71601,4
71602,1
71635,1
71640,1
71646,1
71653,2
71654,1
71655,1
71671,1
71701,1
71730,6
71742,1
71753,2
71762,1
71801,2
71832,1
71852,1
71854,1
71857,1
71901,23
71913,3
71923,3
71929,1
71943,1
71953,2
71957,1
71961,1
72015,1
72021,1
72022,1
72023,1
72032,6
72040,1
72055,1
72076,1
72086,1
72104,1
72110,4
72113,2
72114,3
72116,1
72120,1
72143,2
72150,1
72153,1
72160,2
72173,1
72201,10
72202,9
72204,2
72205,4
72206,2
72207,5
72210,1
72211,1
72212,1
72223,2
72227,1
72315,3
72331,1
72335,1
72342,2
72360,1
72365,1
72370,1
72386,1
72395,1
72396,1
72401,3
72450,3
72454,2
72455,2
72476,1
72501,1
72542,2
72543,1
72556,1
72562,1
72601,4
72616,2
72631,1
72632,16
72635,1
72653,9
72687,1
72701,9
72703,2
72712,11
72714,1
72736,1
72740,1
72744,1
72745,1
72756,2
72758,2
72761,4
72762,1
72764,2
72801,3
72802,1
72830,1
72855,1
72858,1
72901,7
72903,2
72904,1
72949,1
72956,3
73003,1
73005,5
73013,1
73018,2
73030,1
73034,5
73036,2
73044,10
73047,1
73051,1
73068,1
73069,9
73072,1
73075,4
73077,1
73080,1
73086,1
73089,1
73096,5
73098,1
73099,1
73102,6
73103,10
73104,3
73105,6
73107,3
73108,1
73111,13
73112,1
73114,2
73115,1
73116,3
73118,4
73120,1
73132,1
73139,1
73149,1
73160,2
73401,6
73438,1
73446,1
73448,1
73460,2
73463,1
73501,2
73503,1
73505,1
73507,2
73521,2
73533,2
73550,1
73554,2
73601,2
73632,1
73644,6
73651,2
73662,2
73701,8
73703,2
73717,1
73728,2
73750,2
73772,1
73801,2
73860,1
73942,1
74003,6
74006,1
74010,1
74012,2
74015,1
74016,1
74017,2
74023,2
74029,3
74030,2
74035,2
74037,3
74048,2
74053,1
74055,1
74056,2
74058,3
74063,1
74066,3
74070,1
74074,5
74075,5
74085,1
74103,3
74105,2
74106,1
74114,5
74115,4
74119,2
74120,8
74127,1
74133,6
74135,2
74136,2
74145,1
74330,1
74331,1
74338,1
74344,3
74354,3
74361,2
74363,1
74370,1
74401,7
74403,3
74429,2
74432,1
74434,1
74437,1
74447,1
74450,1
74462,1
74464,2
74467,2
74501,3
74523,2
74538,2
74578,2
74601,2
74604,3
74631,1
74701,2
74743,2
74745,1
74801,2
74804,3
74820,3
74834,1
74848,1
74859,1
74864,1
74868,3
74884,1
74953,2
75001,3
75002,1
75006,2
75013,1
75020,5
75021,2
75023,3
75024,1
75025,1
75028,3
75032,2
75034,9
75035,1
75038,1
75040,3
75041,1
75042,2
75043,2
75050,3
75052,1
75057,1
75061,1
75062,1
75063,1
75067,1
75069,5
75074,3
75075,5
75080,5
75081,1
75087,1
75088,1
75090,4
75093,6
75098,1
75104,4
75110,1
75115,1
75116,1
75119,1
75137,1
75140,1
75146,2
75149,1
75150,4
75160,3
75165,4
75182,1
75201,9
75202,6
75203,4
75204,6
75205,6
75206,4
75207,38
75208,3
75209,3
75210,7
75211,1
75212,1
75215,3
75216,1
75217,1
75218,1
75219,5
75220,2
75225,4
75226,8
75229,5
75230,5
75235,2
75237,1
75238,2
75240,3
75243,2
75244,2
75247,3
75248,5
75252,4
75254,4
75418,3
75423,1
75432,1
75440,1
75442,1
75452,1
75457,2
75460,6
75482,3
75494,2
75501,3
75503,1
75551,1
75554,1
75567,1
75601,5
75604,1
75605,2
75633,2
75638,1
75644,2
75647,1
75652,2
75654,1
75657,6
75661,1
75662,1
75670,5
75672,2
75686,2
75701,4
75702,11
75703,2
75704,1
75706,2
75751,2
75754,2
75757,1
75765,1
75766,1
75771,1
75773,2
75789,1
75801,2
75835,3
75840,3
75845,1
75860,1
75901,4
75904,1
75935,1
75941,1
75948,2
75951,3
75961,4
75965,1
75966,1
75972,1
75979,3
76010,2
76011,2
76012,1
76013,3
76014,1
76016,1
76017,1
76020,2
76021,1
76028,1
76031,2
76033,1
76034,2
76039,1
76043,3
76048,4
76049,3
76051,8
76053,4
76054,4
76063,2
76067,1
76082,1
76086,2
76087,1
76092,2
76102,8
76103,1
76104,2
76105,1
76106,5
76107,23
76108,2
76109,2
76110,3
76112,1
76114,1
76116,3
76119,1
76120,1
76126,1
76132,2
76133,1
76135,1
76140,1
76155,1
76177,1
76180,1
76201,5
76205,1
76210,2
76227,1
76234,1
76240,6
76248,2
76252,1
76255,1
76266,2
76301,3
76302,2
76306,1
76308,5
76309,1
76354,1
76365,1
76372,1
76384,1
76401,4
76424,3
76426,2
76430,2
76444,1
76446,3
76448,2
76450,1
76458,1
76501,4
76502,1
76504,3
76513,5
76520,3
76526,1
76528,1
76531,1
76541,2
76548,1
76550,3
76571,2
76629,1
76634,6
76642,1
76692,1
76701,8
76704,1
76706,8
76707,2
76708,2
76710,1
76712,1
76801,5
76821,1
76825,1
76834,1
76849,1
76903,5
76904,2
76950,4
77002,8
77003,2
77004,22
77005,7
77006,31
77007,11
77008,10
77009,2
77013,1
77018,1
77019,9
77020,1
77023,1
77024,4
77027,3
77029,1
77030,5
77036,5
77037,1
77040,3
77041,5
77042,1
77043,3
77045,1
77055,2
77056,7
77057,4
77058,2
77061,1
77063,3
77064,1
77066,2
77070,1
77077,4
77078,1
77079,3
77080,4
77081,3
77083,2
77084,2
77090,3
77092,1
77094,1
77095,1
77096,1
77098,25
77099,3
77301,4
77303,1
77304,1
77316,1
77320,5
77327,1
77338,4
77339,2
77340,1
77346,2
77351,2
77356,1
77365,1
77371,1
77373,8
77375,3
77379,1
77380,5
77381,2
77384,1
77385,2
77401,1
77414,1
77418,3
77426,1
77434,1
77437,4
77450,2
77459,4
77465,1
77469,11
77471,3
77477,3
77478,1
77479,3
77486,1
77488,4
77493,2
77494,3
77511,4
77515,2
77520,2
77521,2
77532,1
77535,1
77539,1
77541,1
77546,2
77550,12
77554,3
77565,3
77566,4
77571,2
77573,2
77575,1
77581,2
77584,1
77586,2
77590,4
77598,5
77625,1
77627,4
77630,4
77640,1
77656,1
77662,1
77701,7
77703,2
77705,3
77706,3
77708,1
77802,1
77803,3
77831,1
77833,7
77835,2
77840,5
77845,2
77859,1
77864,1
77868,1
77901,10
77904,1
77954,3
77957,2
77964,2
77979,1
77984,2
77995,1
78006,8
78009,1
78015,1
78016,1
78023,1
78025,2
78028,8
78040,5
78041,3
78045,2
78063,1
78064,1
78070,1
78102,1
78130,9
78132,3
78133,1
78148,1
78154,1
78155,6
78164,1
78201,2
78202,2
78204,6
78205,24
78207,10
78209,12
78210,5
78212,11
78213,3
78214,1
78215,3
78216,2
78217,2
78228,1
78229,1
78230,2
78232,3
78233,1
78235,1
78238,1
78247,1
78248,2
78249,3
78250,1
78251,2
78254,1
78255,1
78256,1
78257,1
78258,2
78259,1
78332,1
78336,2
78363,2
78373,4
78374,2
78377,1
78382,8
78384,1
78387,1
78390,1
78401,16
78402,2
78405,1
78411,4
78412,1
78418,1
78501,10
78503,1
78504,2
78520,8
78526,2
78537,2
78539,1
78541,1
78550,9
78570,1
78572,1
78577,1
78578,2
78580,1
78582,1
78586,3
78596,2
78602,4
78609,1
78611,2
78612,1
78613,2
78620,3
78621,1
78624,21
78626,7
78628,1
78629,1
78634,1
78638,1
78642,1
78643,4
78644,1
78648,3
78654,3
78660,1
78664,1
78666,4
78676,6
78701,19
78702,7
78703,9
78704,11
78705,4
78712,1
78722,1
78726,2
78729,1
78731,1
78732,2
78733,1
78734,2
78735,2
78736,1
78738,1
78741,1
78745,1
78746,4
78749,1
78751,4
78752,1
78753,2
78756,3
78757,2
78758,1
78759,3
78801,4
78840,5
78852,1
78934,2
78940,2
78942,1
78945,3
78946,1
78954,2
78956,2
78957,1
78962,1
79007,2
79014,3
79015,3
79016,1
79022,1
79027,1
79029,3
79036,2
79045,3
79057,1
79065,3
79070,1
79072,1
79079,2
79081,1
79088,2
79095,1
79101,1
79102,3
79104,1
79106,4
79107,1
79109,4
79111,2
79121,1
79178,1
79201,1
79235,1
79252,1
79316,1
79322,3
79323,1
79346,1
79356,1
79359,1
79364,2
79401,2
79403,4
79404,1
79407,1
79412,2
79413,1
79415,1
79424,1
79501,1
79512,1
79536,1
79549,3
79553,1
79556,4
79567,1
79601,9
79602,1
79603,1
79605,4
79606,1
79701,5
79705,3
79706,1
79707,1
79720,5
79731,1
79735,5
79756,2
79761,3
79762,3
79782,1
79830,4
79835,1
79849,1
79901,8
79902,7
79903,1
79904,1
79905,2
79906,1
79907,2
79912,4
79922,1
79924,3
79925,2
79928,1
79934,2
79935,1
80002,2
80003,2
80007,1
80010,4
80012,5
80013,1
80017,2
80020,6
80021,2
80026,3
80027,8
80030,4
80033,2
80104,1
80108,1
80109,1
80110,2
80111,4
80112,6
80113,1
80117,1
80120,10
80121,1
80122,2
80123,4
80124,2
80125,2
80126,2
80128,2
80132,2
80133,2
80136,1
80202,20
80203,6
80204,28
80205,12
80206,19
80208,1
80209,9
80210,5
80211,5
80212,2
80214,1
80215,5
80216,5
80218,3
80219,1
80220,2
80221,1
80222,1
80223,4
80224,2
80226,11
80228,1
80230,2
80231,2
80236,1
80237,1
80239,1
80246,3
80301,6
80302,10
80303,2
80304,4
80401,13
80403,2
80421,1
80433,1
80439,10
80440,1
80446,1
80456,1
80461,10
80465,2
80487,6
80501,7
80503,2
80504,3
80510,1
80513,3
80517,10
80521,3
80524,6
80525,1
80534,1
80537,11
80538,2
80540,1
80549,1
80550,1
80601,2
80620,1
80621,1
80631,11
80634,4
80651,3
80701,3
80720,1
80723,2
80734,2
80737,3
80751,2
80758,3
80807,1
80813,3
80817,1
80818,1
80825,1
80829,9
80835,1
80840,1
80903,11
80904,13
80906,6
80907,2
80909,1
80910,1
80914,1
80915,1
80916,2
80918,3
80919,3
80920,1
80921,1
80926,2
81001,1
81003,9
81005,2
81006,1
81007,1
81023,1
81039,1
81050,2
81052,2
81054,1
81063,1
81067,2
81082,6
81089,4
81101,1
81132,2
81147,7
81154,1
81201,12
81212,3
81224,5
81226,3
81230,4
81252,4
81301,16
81321,2
81323,1
81328,3
81401,6
81413,1
81416,3
81428,1
81435,1
81501,6
81504,1
81521,2
81526,1
81601,4
81611,24
81621,4
81623,9
81625,4
81635,1
81641,1
81648,1
81650,3
81652,1
81657,16
82001,14
82009,2
82070,7
82190,3
82201,3
82240,1
82301,2
82401,2
82414,21
82426,2
82431,1
82435,3
82443,6
82501,3
82520,9
82601,6
82604,3
82633,2
82701,1
82716,5
82801,7
82832,1
82834,5
82901,6
82930,3
82935,1
83001,45
83110,1
83113,1
83201,1
83204,3
83217,1
83221,4
83261,1
83263,1
83313,2
83318,2
83328,1
83333,1
83338,1
83340,2
83350,1
83401,3
83402,5
83404,1
83406,1
83422,3
83429,1
83431,1
83440,3
83442,1
83445,1
83467,2
83501,3
83522,1
83530,1
83553,1
83605,1
83612,1
83616,3
83617,2
83631,1
83638,5
83642,3
83647,1
83651,1
83661,1
83672,1
83687,2
83702,12
83703,1
83704,1
83706,1
83709,2
83712,5
83713,1
83714,3
83805,1
83814,9
83815,1
83835,1
83837,1
83843,4
83854,2
83858,1
83861,3
83864,8
83873,3
84003,2
84004,3
84010,5
84020,2
84025,1
84032,2
84036,1
84037,3
84041,3
84042,1
84043,2
84047,5
84049,2
84057,1
84060,17
84065,1
84070,3
84074,2
84075,1
84078,2
84088,2
84093,1
84094,1
84095,2
84097,1
84098,3
84101,11
84102,3
84103,7
84104,1
84105,3
84106,2
84107,3
84108,2
84109,1
84111,17
84112,2
84113,1
84115,4
84117,2
84119,2
84121,3
84302,3
84317,2
84319,1
84321,3
84322,1
84335,1
84341,1
84401,8
84403,2
84405,2
84501,2
84511,4
84526,3
84528,1
84532,10
84601,2
84604,2
84606,1
84624,1
84627,1
84631,1
84648,2
84651,2
84654,1
84660,1
84663,2
84720,1
84737,5
84738,3
84741,3
84770,4
84780,1
85003,7
85004,9
85006,2
85007,3
85008,7
85013,1
85014,1
85016,4
85017,2
85018,4
85020,2
85021,3
85027,3
85028,1
85032,1
85034,3
85035,2
85040,1
85041,1
85050,1
85051,2
85054,4
85085,1
85201,3
85202,1
85203,1
85204,5
85206,1
85208,1
85210,4
85212,1
85213,1
85215,1
85219,6
85220,2
85222,2
85224,1
85225,1
85226,4
85228,3
85232,1
85233,1
85234,2
85239,1
85242,4
85248,1
85249,2
85250,2
85251,67
85253,4
85254,1
85255,3
85256,1
85257,2
85258,1
85260,14
85262,6
85268,2
85273,2
85281,9
85282,4
85283,2
85284,1
85287,2
85296,1
85297,1
85301,3
85302,1
85304,1
85308,2
85310,1
85321,1
85323,2
85326,2
85331,9
85337,1
85338,1
85340,3
85344,4
85345,2
85350,1
85351,1
85353,1
85356,3
85363,1
85364,8
85365,2
85367,1
85382,1
85383,1
85390,2
85501,3
85539,2
85540,1
85541,6
85543,1
85544,1
85546,2
85552,2
85602,2
85603,9
85607,3
85614,1
85615,1
85616,1
85621,1
85623,2
85629,1
85630,1
85634,1
85635,2
85638,1
85643,3
85653,2
85701,12
85704,4
85705,13
85706,6
85709,1
85710,2
85711,1
85712,5
85713,3
85714,1
85715,4
85716,9
85718,11
85719,9
85721,3
85735,1
85737,1
85741,2
85745,2
85747,1
85750,2
85901,1
85925,1
85929,1
85935,1
85936,1
85937,2
85938,1
86001,7
86004,4
86025,2
86040,1
86046,3
86047,2
86301,8
86303,9
86305,2
86314,1
86322,4
86324,2
86326,3
86336,37
86351,3
86401,5
86403,5
86404,1
86429,2
86440,1
86442,1
86505,2
87002,3
87008,1
87010,5
87015,1
87020,3
87047,2
87048,3
87053,1
87060,1
87102,20
87104,35
87105,1
87106,2
87107,7
87108,4
87109,2
87110,7
87111,1
87113,1
87114,1
87117,2
87120,1
87123,1
87124,1
87131,2
87144,1
87301,1
87401,6
87402,2
87410,3
87413,1
87501,158
87505,22
87506,4
87507,7
87508,3
87532,3
87540,1
87544,5
87571,47
87701,5
87740,2
87801,2
87901,4
88001,7
88005,7
88011,4
88030,1
88042,1
88043,1
88061,9
88063,1
88101,3
88119,1
88130,1
88201,8
88203,3
88210,2
88220,4
88240,2
88260,1
88310,3
88317,1
88345,10
88352,1
88401,3
88415,2
88435,1
89005,6
89011,1
89012,2
89014,3
89015,5
89027,1
89030,1
89032,1
89040,1
89060,1
89074,3
89101,16
89102,6
89103,6
89104,4
89106,7
89107,6
89108,3
89109,32
89113,1
89117,6
89118,9
89119,4
89120,7
89121,1
89124,1
89128,2
89129,1
89139,2
89142,2
89145,1
89146,1
89149,2
89154,2
89301,3
89406,2
89408,1
89410,3
89413,3
89423,4
89431,1
89436,1
89440,5
89445,1
89447,1
89451,6
89501,9
89502,5
89503,4
89506,3
89509,4
89511,2
89523,1
89701,3
89703,8
89705,1
89706,3
89801,3
89820,1
90002,2
90004,4
90005,3
90006,2
90007,4
90008,4
90010,1
90012,21
90013,10
90014,7
90015,4
90016,6
90017,3
90018,1
90019,7
90020,3
90021,2
90022,1
90023,1
90024,8
90025,4
90026,4
90027,12
90028,11
90029,1
90031,5
90032,1
90034,20
90035,13
90036,43
90037,5
90038,12
90039,6
90041,6
90042,6
90043,3
90044,1
90045,4
90046,7
90048,32
90049,6
90056,1
90058,2
90064,11
90065,4
90066,5
90067,1
90068,4
90069,25
90201,3
90210,18
90211,7
90212,5
90220,1
90230,4
90232,19
90241,1
90242,1
90245,3
90247,3
90248,1
90249,1
90250,2
90254,4
90262,1
90265,4
90266,3
90272,4
90274,4
90275,1
90277,2
90278,3
90290,1
90291,17
90292,3
90301,2
90302,2
90305,1
90401,11
90402,1
90403,4
90404,37
90405,12
90501,9
90503,6
90505,5
90601,1
90602,1
90603,1
90605,1
90620,8
90621,2
90630,1
90631,4
90640,1
90650,3
90660,1
90670,4
90703,2
90706,2
90717,3
90720,1
90723,2
90731,12
90732,1
90740,5
90744,2
90745,1
90746,3
90755,4
90802,4
90803,3
90804,1
90805,1
90806,2
90807,3
90808,1
90810,1
90813,4
90814,4
90815,1
90840,1
91001,1
91006,6
91007,4
91011,6
91016,7
91020,4
91024,2
91030,5
91042,2
91101,6
91103,9
91104,5
91105,6
91106,2
91107,3
91108,5
91201,7
91202,1
91203,3
91204,3
91206,1
91207,1
91208,2
91214,3
91301,2
91302,2
91303,5
91304,3
91306,1
91307,1
91311,3
91316,1
91320,4
91321,3
91324,2
91325,1
91326,1
91331,3
91335,2
91340,1
91342,3
91343,1
91344,2
91345,2
91350,1
91352,3
91355,6
91356,3
91360,1
91361,3
91362,13
91364,7
91367,6
91387,1
91401,3
91402,1
91403,1
91405,1
91406,3
91411,3
91423,6
91502,2
91504,1
91505,4
91506,6
91601,7
91602,2
91604,12
91605,7
91606,2
91607,2
91608,1
91701,1
91710,5
91711,9
91723,3
91730,4
91731,2
91733,1
91739,5
91740,2
91741,1
91745,1
91748,2
91750,2
91752,1
91754,1
91755,1
91761,3
91762,1
91763,1
91764,1
91766,4
91767,4
91768,3
91773,1
91775,1
91776,9
91780,5
91784,1
91786,6
91790,1
91801,5
91901,1
91902,1
91910,3
91911,1
91941,4
91942,1
91945,1
91977,1
92008,9
92014,2
92019,1
92020,5
92021,2
92024,9
92025,9
92026,1
92028,5
92029,1
92036,1
92037,31
92040,2
92054,3
92064,3
92065,2
92067,1
92069,1
92071,3
92075,5
92082,1
92083,2
92084,4
92101,51
92102,3
92103,7
92104,3
92105,1
92106,1
92107,2
92108,1
92109,2
92110,10
92111,1
92113,1
92115,2
92116,1
92117,3
92118,5
92120,1
92121,4
92123,1
92126,5
92133,3
92134,1
92154,1
92173,1
92201,3
92211,1
92220,5
92223,2
92225,1
92230,1
92234,2
92239,1
92240,2
92251,3
92252,1
92253,5
92260,31
92262,20
92264,3
92270,4
92277,3
92283,2
92284,4
92307,2
92308,2
92311,3
92324,3
92328,1
92335,1
92352,4
92363,1
92365,1
92371,1
92373,6
92374,1
92376,1
92384,1
92395,1
92399,6
92405,1
92407,1
92408,1
92410,1
92501,10
92503,1
92505,3
92506,1
92507,2
92509,3
92532,1
92543,2
92544,1
92545,2
92553,1
92557,2
92562,2
92570,1
92583,2
92584,2
92591,1
92592,2
92595,1
92602,1
92603,1
92604,3
92606,2
92612,3
92614,5
92618,5
92620,1
92626,7
92627,11
92629,2
92630,1
92637,1
92646,3
92647,2
92648,4
92649,2
92651,77
92653,2
92657,1
92660,10
92661,3
92662,3
92663,9
92672,8
92675,6
92677,7
92683,5
92688,1
92691,1
92692,2
92701,8
92703,1
92704,5
92705,5
92706,2
92707,6
92708,2
92780,9
92801,2
92804,1
92805,1
92807,4
92821,5
92831,1
92832,6
92833,2
92840,2
92841,2
92844,1
92865,1
92866,2
92867,2
92868,2
92869,1
92870,2
92879,3
92880,2
92882,3
92883,1
92886,1
92887,2
93001,12
93003,7
93010,7
93012,4
93013,7
93015,2
93021,2
93023,11
93030,5
93033,3
93035,3
93041,3
93060,4
93063,3
93065,4
93101,40
93103,8
93105,3
93108,10
93110,2
93111,1
93117,4
93205,1
93210,2
93215,1
93221,2
93230,4
93245,2
93257,4
93268,1
93271,4
93274,2
93277,4
93280,1
93291,1
93292,2
93301,12
93304,2
93305,1
93308,3
93312,1
93313,1
93401,16
93402,3
93405,2
93420,8
93422,4
93428,13
93430,1
93433,3
93434,3
93436,6
93442,6
93444,2
93445,1
93446,7
93449,4
93452,2
93454,3
93455,2
93458,2
93460,4
93463,12
93465,1
93501,1
93510,1
93514,3
93516,2
93526,1
93532,1
93534,8
93535,1
93541,1
93550,2
93551,3
93555,3
93561,3
93562,2
93602,1
93612,6
93637,3
93643,1
93644,7
93653,1
93654,1
93657,1
93662,1
93703,2
93704,1
93705,2
93706,2
93710,2
93711,5
93720,2
93721,7
93722,2
93726,1
93728,2
93901,4
93905,1
93907,1
93908,1
93920,1
93923,2
93924,7
93930,2
93940,22
93950,8
93955,1
94002,2
94005,2
94010,7
94014,2
94015,2
94019,8
94022,7
94025,5
94030,2
94040,1
94041,3
94043,4
94044,4
94063,7
94070,5
94080,5
94085,1
94086,3
94087,2
94102,14
94103,30
94104,5
94105,18
94107,11
94108,52
94109,25
94110,7
94111,7
94114,4
94115,9
94116,4
94117,4
94118,12
94121,3
94122,9
94123,10
94124,1
94127,1
94129,1
94131,2
94132,1
94133,12
94134,3
94301,6
94303,3
94305,2
94306,2
94401,7
94402,1
94403,2
94404,1
94501,4
94503,1
94506,2
94507,1
94509,1
94510,7
94513,1
94515,6
94517,1
94518,1
94520,3
94521,1
94525,3
94526,2
94530,3
94533,1
94534,1
94536,6
94538,1
94539,4
94541,4
94545,1
94546,1
94549,4
94550,4
94551,1
94553,3
94556,3
94558,7
94559,11
94560,2
94561,1
94563,2
94564,1
94565,2
94566,4
94571,1
94574,7
94577,2
94578,1
94580,1
94583,3
94585,1
94587,2
94588,1
94590,6
94591,1
94596,4
94597,1
94598,1
94599,7
94601,2
94602,2
94603,1
94605,1
94607,10
94608,4
94609,3
94610,1
94611,2
94612,14
94613,1
94618,3
94619,3
94621,2
94703,5
94704,11
94705,6
94706,3
94707,4
94708,1
94709,3
94710,11
94720,1
94801,6
94804,2
94805,1
94901,15
94903,5
94920,4
94923,2
94924,1
94925,1
94928,1
94930,1
94931,1
94939,1
94941,12
94945,5
94947,2
94949,4
94951,1
94952,11
94954,1
94960,11
94965,21
94970,1
95003,2
95004,1
95005,1
95006,2
95008,7
95010,5
95014,2
95018,1
95020,3
95023,1
95030,6
95032,3
95035,4
95037,3
95039,1
95046,1
95050,6
95051,1
95053,1
95054,1
95060,15
95062,8
95066,1
95070,5
95073,1
95076,6
95110,2
95112,13
95113,4
95117,2
95120,1
95122,3
95123,1
95124,1
95125,4
95126,1
95127,1
95129,3
95130,1
95131,2
95132,1
95140,1
95148,1
95202,1
95203,2
95204,2
95206,1
95207,1
95212,1
95222,5
95236,1
95240,5
95247,2
95249,1
95252,1
95304,1
95307,2
95311,1
95320,2
95321,1
95322,2
95327,1
95337,1
95338,3
95340,8
95348,1
95350,2
95354,5
95361,3
95367,1
95370,4
95374,1
95376,1
95379,1
95380,3
95388,1
95389,1
95401,6
95403,5
95404,4
95405,1
95422,1
95425,4
95437,12
95441,1
95442,3
95444,1
95445,7
95446,2
95448,11
95452,1
95453,2
95457,1
95460,2
95466,1
95472,6
95476,18
95482,5
95490,3
95492,2
95501,15
95503,4
95519,1
95521,7
95524,1
95531,5
95542,1
95564,1
95570,2
95602,4
95603,14
95608,1
95610,1
95616,5
95623,2
95624,1
95628,3
95630,11
95631,1
95634,1
95640,1
95642,10
95648,3
95652,1
95655,1
95661,2
95663,1
95667,11
95670,1
95677,1
95678,6
95682,1
95685,5
95688,3
95690,1
95691,2
95694,1
95695,3
95742,1
95746,3
95762,2
95776,1
95814,27
95815,1
95816,6
95817,1
95818,4
95819,1
95821,2
95822,1
95823,1
95824,1
95825,4
95828,1
95834,1
95841,1
95864,1
95901,2
95910,1
95926,4
95928,13
95945,7
95948,1
95954,1
95959,7
95963,1
95965,8
95969,6
95971,3
95973,2
95987,2
95988,1
95991,2
95993,2
96001,6
96002,3
96003,4
96007,1
96013,1
96019,1
96021,1
96025,3
96032,2
96067,4
96071,1
96080,4
96088,1
96094,2
96097,6
96101,3
96103,1
96107,1
96120,1
96122,3
96130,2
96137,1
96142,1
96145,1
96150,12
96161,6
96701,4
96706,1
96708,4
96712,7
96718,1
96720,14
96722,2
96725,7
96727,3
96732,5
96734,4
96740,16
96743,4
96744,3
96746,9
96749,1
96750,2
96753,8
96754,1
96756,5
96761,45
96766,7
96768,13
96779,3
96782,2
96790,1
96793,7
96795,3
96797,1
96813,14
96814,8
96815,19
96816,2
96817,10
96819,1
96821,1
96822,4
96825,1
96826,3
96860,1
97002,3
97005,3
97007,1
97008,2
97013,3
97015,1
97018,1
97022,1
97023,1
97030,1
97031,3
97034,3
97035,1
97039,1
97041,1
97045,3
97051,2
97058,9
97060,2
97064,2
97067,1
97070,2
97071,3
97103,8
97114,1
97115,1
97116,2
97121,1
97123,3
97124,2
97127,1
97128,5
97131,1
97132,4
97136,2
97137,2
97138,7
97140,2
97141,5
97145,1
97149,1
97201,2
97202,7
97203,1
97204,5
97205,11
97209,29
97210,6
97211,5
97212,3
97213,2
97214,12
97215,2
97216,1
97217,2
97218,1
97219,8
97221,3
97222,3
97223,1
97224,3
97225,1
97229,3
97230,2
97232,3
97239,2
97266,2
97267,3
97301,12
97302,7
97303,7
97321,6
97327,5
97333,4
97341,5
97351,2
97360,1
97361,1
97365,17
97366,1
97367,6
97368,1
97370,2
97371,1
97374,1
97376,2
97377,1
97381,3
97383,2
97386,1
97391,3
97394,1
97396,1
97401,15
97402,5
97403,1
97405,2
97411,4
97415,5
97417,1
97420,1
97423,1
97424,1
97426,2
97439,7
97444,1
97446,1
97448,1
97459,3
97465,2
97467,4
97469,1
97470,5
97477,3
97478,1
97479,1
97487,1
97496,2
97498,6
97501,4
97502,1
97503,1
97504,1
97520,20
97524,2
97525,1
97526,5
97530,3
97531,2
97535,1
97540,3
97541,1
97601,4
97603,1
97624,1
97630,2
97701,10
97702,4
97720,1
97741,3
97754,1
97756,3
97759,4
97801,8
97814,5
97828,2
97838,2
97845,2
97846,5
97850,5
97862,1
97882,1
97885,2
97914,2
97918,1
98001,1
98002,2
98003,3
98004,11
98005,5
98006,2
98007,2
98010,1
98011,1
98012,2
98014,2
98019,4
98020,8
98021,2
98022,1
98023,1
98024,1
98026,1
98027,11
98032,1
98033,10
98034,1
98036,1
98037,1
98038,5
98040,1
98052,6
98053,1
98055,3
98065,1
98070,2
98072,2
98101,22
98102,6
98103,15
98104,35
98105,8
98106,1
98107,8
98108,7
98109,17
98110,6
98112,5
98115,5
98116,5
98117,1
98118,5
98119,2
98121,14
98122,8
98125,1
98133,3
98134,10
98144,8
98148,2
98166,2
98168,1
98177,3
98195,1
98198,2
98199,2
98201,5
98204,2
98208,1
98221,14
98223,1
98225,14
98226,3
98229,2
98230,1
98232,2
98233,4
98236,1
98237,2
98239,3
98245,5
98250,9
98253,3
98257,5
98260,1
98264,3
98270,2
98271,1
98272,1
98273,7
98274,2
98275,1
98277,2
98279,2
98281,1
98282,1
98284,2
98290,4
98295,1
98296,1
98312,1
98314,1
98321,1
98327,1
98328,1
98331,2
98332,2
98333,1
98335,7
98337,4
98338,1
98362,4
98363,1
98366,3
98368,13
98370,3
98371,4
98372,2
98376,1
98377,1
98382,7
98383,1
98388,2
98390,1
98402,11
98403,3
98404,2
98405,2
98406,1
98407,5
98408,2
98409,4
98418,2
98421,5
98422,1
98424,1
98444,1
98466,1
98499,4
98501,13
98502,2
98503,1
98506,1
98520,3
98531,3
98532,3
98550,2
98563,1
98569,5
98576,1
98577,2
98584,1
98589,3
98597,1
98601,1
98604,1
98620,2
98624,4
98626,1
98629,1
98631,4
98632,2
98640,3
98642,1
98648,1
98660,5
98661,2
98663,2
98671,1
98672,4
98674,1
98683,1
98684,1
98801,6
98802,1
98815,1
98816,2
98823,1
98826,4
98837,6
98844,1
98848,1
98855,2
98856,1
98862,1
98902,1
98903,3
98908,1
98926,8
98937,1
98944,1
98948,2
99004,2
99005,1
99016,1
99031,1
99109,1
99111,1
99114,1
99118,1
99148,1
99163,2
99166,2
99170,1
99201,5
99204,2
99205,2
99206,3
99207,1
99208,2
99212,3
99216,3
99217,1
99223,2
99224,1
99301,3
99322,1
99328,2
99336,5
99343,1
99344,1
99347,1
99350,1
99352,4
99353,1
99354,2
99362,5
99403,2
99501,21
99502,1
99503,11
99507,2
99508,1
99515,1
99516,1
99559,1
99574,1
99576,1
99577,4
99603,9
99611,1
99615,4
99645,5
99654,5
99669,4
99676,1
99686,1
99701,14
99709,3
99712,1
99801,15
99827,1
99835,6
99840,1
99901,12
99929,1
