ZIP,recAreas
,0
183,1
612,1
716,1
738,1
745,1
901,5
907,2
962,1
968,1
979,2
1001,1
1002,6
1005,2
1007,1
1020,1
1026,1
1027,1
1028,2
1030,3
1031,1
1033,1
1036,1
1039,2
1040,4
1053,1
1056,1
1057,1
1060,1
1062,1
1068,1
1073,1
1075,2
1077,2
1085,3
1089,2
1095,1
1098,1
1103,4
1106,2
1108,1
1118,1
1201,5
1220,1
1226,2
1230,1
1237,1
1238,1
1240,3
1245,1
1247,3
1262,1
1266,1
1267,2
1301,2
1331,2
1337,1
1342,2
1354,1
1360,1
1366,1
1376,1
1420,2
1434,1
1440,1
1450,1
1451,2
1453,2
1462,1
1473,3
1474,1
1475,1
1501,1
1503,1
1505,4
1507,1
1515,1
1518,1
1522,1
1524,2
1527,1
1532,1
1542,1
1543,1
1550,1
1564,1
1566,1
1569,2
1571,1
1581,2
1583,1
1588,1
1590,2
1602,1
1604,1
1605,2
1606,1
1609,3
1701,2
1702,2
1720,1
1730,1
1740,2
1742,4
1746,1
1747,1
1748,1
1749,1
1752,2
1754,1
1757,1
1760,1
1772,2
1773,2
1775,4
1778,2
1801,1
1810,5
1821,1
1824,1
1830,1
1832,1
1833,1
1835,1
1844,2
1845,1
1851,1
1852,4
1864,2
1867,1
1876,4
1879,2
1886,2
1905,1
1906,1
1908,1
1913,2
1915,1
1921,1
1923,1
1929,2
1930,5
1938,2
1940,3
1944,1
1945,1
1949,1
1950,1
1951,1
1960,2
1966,3
1969,1
1970,4
1982,1
1983,2
1984,1
2019,3
2021,5
2025,2
2026,2
2035,1
2038,2
2043,1
2048,1
2050,2
2054,1
2056,1
2062,2
2066,3
2067,3
2072,1
2081,2
2090,1
2108,3
2109,5
2110,4
2111,3
2114,1
2116,2
2121,2
2125,1
2127,1
2128,2
2129,1
2130,2
2132,1
2136,1
2138,2
2139,2
2142,1
2152,1
2155,1
2163,1
2169,1
2170,1
2171,1
2176,2
2180,3
2184,1
2186,3
2199,1
2210,2
2301,4
2324,1
2332,4
2333,1
2338,1
2347,3
2351,1
2359,1
2360,12
2364,1
2370,1
2375,2
2379,1
2421,2
2451,1
2458,1
2459,1
2466,2
2467,2
2472,1
2474,1
2478,1
2481,1
2492,1
2493,3
2532,2
2536,4
2537,2
2539,2
2540,2
2543,3
2554,6
2559,1
2563,5
2568,1
2571,1
2601,3
2631,3
2632,1
2633,2
2635,2
2638,1
2645,3
2646,1
2649,3
2652,1
2653,1
2655,2
2657,1
2660,1
2664,2
2667,1
2668,1
2673,1
2675,2
2703,3
2720,1
2721,2
2738,2
2739,1
2743,1
2746,1
2747,3
2760,1
2762,2
2766,3
2769,7
2770,1
2771,2
2777,3
2780,2
2790,1
2806,1
2809,2
2812,1
2814,1
2816,2
2818,3
2822,2
2825,1
2830,1
2832,3
2835,1
2837,1
2840,2
2842,2
2852,4
2857,1
2861,1
2865,3
2871,2
2879,2
2882,1
2886,1
2889,2
2891,4
2892,2
2893,2
2898,3
2903,3
2904,1
2907,1
2909,1
2914,1
2915,1
2916,2
2919,1
2920,1
2921,2
3031,3
3034,1
3038,2
3045,1
3046,1
3051,2
3052,1
3053,2
3054,1
3060,1
3062,1
3076,1
3079,1
3087,2
3101,1
3102,1
3104,2
3110,1
3229,1
3244,1
3246,2
3249,1
3253,1
3255,1
3257,1
3266,1
3269,1
3275,1
3278,1
3301,5
3307,1
3431,3
3444,1
3452,1
3458,1
3464,1
3574,1
3576,1
3581,1
3743,1
3753,1
3755,9
3766,4
3773,1
3784,1
3801,2
3811,2
3812,1
3820,2
3824,2
3825,1
3827,1
3833,1
3835,1
3840,1
3842,1
3848,1
3862,1
3870,2
3878,1
3894,1
3902,1
3909,3
4011,3
4017,1
4021,1
4032,3
4038,1
4042,1
4043,2
4046,3
4047,1
4051,1
4055,1
4064,1
4071,1
4072,2
4073,1
4074,5
4092,6
4101,3
4102,2
4103,1
4105,3
4106,1
4107,4
4210,2
4217,1
4240,2
4274,3
4333,1
4344,1
4401,2
4412,1
4422,1
4429,1
4469,1
4473,2
4530,1
4562,1
4605,1
4609,2
4653,1
4769,2
4841,3
4849,1
4856,2
4901,2
4930,1
4938,1
4947,1
4965,1
4967,1
4974,2
4981,1
4989,1
5001,2
5033,1
5045,1
5060,1
5068,1
5089,3
5091,3
5101,1
5148,1
5149,1
5201,1
5301,1
5363,1
5401,5
5403,1
5440,1
5446,1
5450,2
5452,2
5468,1
5482,1
5491,1
5495,2
5602,1
5641,1
5661,1
5674,1
5701,1
5733,1
5751,1
5819,1
5822,1
6001,3
6002,1
6010,3
6026,1
6029,2
6032,3
6033,1
6037,3
6039,1
6040,1
6053,1
6066,1
6067,1
6068,1
6069,1
6070,3
6071,1
6073,1
6074,1
6078,1
6082,1
6093,1
6095,2
6098,1
6103,2
6105,4
6106,1
6107,2
6108,1
6109,1
6111,1
6114,1
6117,2
6119,1
6238,2
6239,1
6248,2
6259,1
6260,1
6269,2
6277,2
6280,1
6281,2
6320,1
6330,1
6333,1
6335,1
6339,1
6340,3
6355,3
6360,1
6371,3
6378,2
6379,1
6385,1
6390,2
6405,1
6413,1
6415,1
6416,1
6423,2
6426,1
6437,1
6443,1
6450,1
6451,1
6455,2
6457,1
6460,1
6468,1
6469,1
6470,2
6471,1
6477,4
6479,1
6480,3
6484,2
6488,1
6489,2
6492,3
6510,2
6511,3
6512,2
6513,1
6514,1
6515,1
6517,2
6518,2
6524,1
6525,2
6604,1
6610,1
6611,1
6612,1
6614,2
6702,1
6705,1
6706,1
6708,2
6712,1
6716,1
6756,1
6759,3
6770,1
6776,1
6777,1
6785,1
6790,1
6791,1
6793,1
6795,2
6804,1
6811,2
6820,3
6824,4
6825,3
6830,4
6831,5
6840,1
6850,1
6854,1
6855,1
6870,1
6877,2
6880,2
6883,1
6896,1
6897,1
6901,1
6903,1
6905,1
6907,1
7003,1
7005,2
7006,2
7012,1
7016,1
7021,1
7028,1
7033,1
7035,2
7039,1
7040,1
7052,5
7054,2
7066,1
7067,1
7068,1
7069,1
7076,3
7078,2
7081,1
7083,1
7090,1
7102,6
7103,1
7107,3
7109,1
7114,2
7203,1
7403,1
7416,3
7417,1
7419,1
7430,2
7438,1
7444,1
7446,1
7456,1
7470,4
7620,1
7621,1
7627,1
7630,1
7641,3
7645,1
7647,1
7649,1
7652,5
7666,1
7675,4
7701,1
7712,2
7719,2
7722,4
7723,1
7724,2
7726,4
7727,3
7728,1
7737,1
7738,1
7746,1
7753,3
7760,1
7762,2
7801,1
7823,1
7827,2
7834,4
7836,1
7840,2
7848,1
7860,3
7866,1
7871,2
7874,1
7882,1
7901,2
7920,3
7921,1
7924,1
7928,1
7932,1
7934,1
7936,1
7940,1
7945,2
7960,3
7981,1
8002,1
8003,1
8012,2
8021,2
8022,1
8033,1
8037,2
8043,1
8046,1
8050,1
8053,3
8054,1
8055,3
8057,3
8060,2
8069,1
8077,1
8079,1
8080,3
8081,1
8085,1
8087,2
8094,1
8096,2
8103,1
8109,1
8201,2
8203,1
8204,1
8205,2
8210,5
8215,2
8221,1
8223,2
8225,1
8226,1
8230,1
8234,6
8244,1
8251,1
8310,1
8318,1
8330,2
8332,1
8360,1
8361,1
8401,8
8501,1
8502,1
8505,1
8514,2
8520,1
8525,2
8527,4
8536,1
8540,5
8550,2
8551,3
8558,1
8560,1
8562,1
8628,1
8640,1
8641,1
8648,1
8691,2
8701,4
8721,1
8723,1
8730,1
8733,1
8753,2
8759,1
8801,1
8807,2
8812,1
8816,2
8820,2
8829,1
8831,5
8844,2
8848,1
8854,3
8857,1
8865,2
8873,3
8876,1
8889,1
10001,4
10003,1
10004,5
10005,2
10006,1
10007,3
10016,5
10017,8
10018,2
10019,6
10021,2
10022,11
10036,3
10301,1
10304,1
10306,1
10310,1
10312,1
10314,1
10460,2
10464,1
10471,2
10502,1
10504,1
10506,1
10507,1
10509,2
10510,2
10512,2
10514,2
10520,1
10523,1
10524,2
10530,2
10533,1
10536,1
10538,1
10541,2
10543,2
10550,1
10560,3
10570,1
10573,1
10576,1
10577,5
10580,4
10583,6
10589,2
10591,1
10597,1
10598,2
10605,4
10607,3
10701,1
10708,1
10710,2
10803,1
10804,1
10901,1
10913,1
10916,2
10917,1
10920,1
10940,1
10941,1
10950,2
10954,1
10956,1
10962,3
10964,1
10965,1
10969,1
10970,2
10977,2
10987,1
10989,1
10990,2
10996,1
10998,2
11005,1
11020,2
11030,3
11050,4
11096,1
11224,1
11228,1
11234,1
11360,1
11362,1
11365,1
11385,1
11518,1
11530,3
11542,2
11545,4
11550,1
11554,1
11557,1
11559,3
11560,2
11561,1
11566,1
11568,2
11570,1
11572,1
11576,2
11579,1
11596,1
11598,1
11694,1
11702,1
11704,2
11706,3
11713,1
11717,2
11722,1
11725,1
11727,2
11730,1
11732,2
11733,1
11741,1
11743,3
11746,3
11753,1
11755,1
11758,1
11763,1
11768,4
11771,1
11776,1
11777,1
11778,1
11780,1
11782,1
11786,1
11787,2
11788,1
11791,1
11792,1
11796,1
11797,1
11801,1
11804,1
11901,5
11933,2
11935,2
11937,3
11939,1
11941,1
11942,1
11949,5
11953,1
11954,1
11961,1
11963,3
11965,2
11967,2
11968,3
11976,1
11978,1
11980,1
12009,3
12010,1
12018,1
12019,1
12020,2
12032,1
12033,2
12043,1
12047,1
12054,1
12056,2
12065,3
12070,1
12074,1
12077,1
12078,2
12083,3
12084,2
12090,1
12095,3
12108,1
12110,1
12134,1
12143,1
12148,2
12154,1
12159,1
12167,1
12180,2
12184,1
12186,2
12202,2
12203,3
12204,1
12207,1
12208,1
12211,1
12304,3
12306,1
12309,2
12401,4
12404,2
12414,1
12428,3
12431,1
12440,1
12455,1
12463,1
12473,1
12474,1
12477,1
12485,2
12496,2
12498,1
12501,1
12508,1
12518,1
12521,1
12524,1
12528,1
12533,3
12534,1
12540,1
12542,1
12545,2
12546,1
12549,2
12550,1
12561,1
12564,2
12566,1
12569,1
12571,2
12580,1
12583,1
12586,1
12594,1
12601,3
12603,1
12604,1
12701,2
12723,1
12726,1
12747,1
12754,2
12771,1
12776,2
12777,1
12780,1
12783,1
12790,1
12804,5
12812,1
12814,2
12817,1
12819,1
12828,3
12834,2
12835,1
12839,1
12842,1
12859,1
12866,4
12870,1
12883,1
12885,1
12887,2
12901,1
12903,1
12912,1
12932,1
12944,1
12946,4
12972,1
12974,1
12979,1
12983,1
12986,1
12993,1
12996,1
13021,5
13026,1
13027,5
13029,1
13030,1
13031,4
13032,2
13033,1
13034,1
13035,1
13036,1
13037,1
13039,2
13040,1
13042,1
13045,4
13053,1
13054,1
13057,3
13066,3
13068,1
13069,2
13078,5
13082,3
13084,1
13090,1
13092,1
13104,2
13108,1
13126,4
13135,1
13142,1
13145,1
13148,1
13152,3
13156,1
13159,2
13165,1
13166,1
13167,1
13204,2
13206,1
13209,1
13211,1
13215,2
13308,1
13309,1
13317,1
13322,1
13323,4
13326,1
13340,2
13345,1
13346,2
13357,1
13360,1
13365,2
13403,1
13413,1
13417,1
13421,2
13424,2
13425,1
13431,1
13438,1
13439,1
13440,6
13456,1
13460,1
13473,1
13476,1
13478,1
13492,3
13501,2
13601,3
13605,1
13617,2
13619,1
13620,1
13624,2
13626,1
13634,1
13640,2
13642,2
13661,1
13662,4
13670,1
13676,1
13685,1
13694,1
13697,1
13730,1
13732,2
13733,1
13736,1
13743,1
13744,1
13748,1
13753,1
13754,1
13760,4
13778,1
13783,1
13787,1
13796,2
13797,1
13803,1
13812,1
13815,2
13820,1
13830,1
13861,1
13862,1
13865,1
13901,1
13903,2
13905,1
14001,4
14004,1
14006,1
14011,2
14020,2
14026,1
14031,1
14032,1
14034,1
14040,1
14048,1
14051,2
14052,2
14057,2
14059,1
14062,1
14063,1
14067,1
14072,2
14075,5
14080,1
14082,1
14086,2
14092,1
14094,4
14098,1
14103,1
14108,1
14120,2
14127,2
14132,2
14136,1
14141,2
14143,1
14150,2
14167,1
14174,1
14202,1
14213,1
14214,3
14220,2
14221,5
14224,1
14225,1
14226,1
14228,2
14260,1
14301,1
14304,1
14411,1
14414,1
14420,4
14422,1
14423,1
14424,4
14428,1
14432,1
14435,1
14437,1
14450,4
14454,1
14456,2
14464,1
14467,1
14470,1
14472,1
14477,1
14481,1
14482,2
14485,2
14487,1
14489,1
14502,2
14506,1
14507,1
14510,1
14512,1
14513,2
14517,1
14519,2
14521,1
14525,1
14526,3
14527,1
14530,2
14534,1
14543,4
14546,2
14548,1
14555,1
14559,5
14564,5
14571,1
14580,1
14586,2
14590,1
14607,1
14608,1
14610,1
14612,2
14617,2
14618,4
14622,1
14623,2
14624,1
14625,1
14626,1
14701,3
14706,2
14711,1
14712,1
14724,1
14728,1
14731,1
14735,1
14737,1
14747,1
14750,2
14757,2
14760,2
14772,1
14775,1
14777,1
14779,1
14781,2
14784,1
14787,2
14801,1
14810,1
14812,1
14814,1
14830,1
14843,2
14845,1
14850,4
14870,2
14878,1
14886,1
14891,1
14892,4
14895,1
14903,1
14905,1
15001,1
15003,1
15009,1
15010,3
15012,1
15017,1
15019,1
15026,1
15037,3
15043,1
15044,3
15052,2
15057,1
15059,1
15063,2
15065,1
15068,3
15084,1
15085,1
15101,2
15104,1
15108,4
15122,1
15126,1
15135,1
15139,2
15142,1
15143,3
15144,1
15146,1
15147,2
15202,1
15205,2
15206,1
15212,1
15217,1
15219,2
15222,4
15227,1
15229,1
15234,1
15235,4
15236,2
15237,3
15238,2
15239,1
15241,2
15301,3
15312,1
15313,1
15314,1
15317,5
15323,1
15330,2
15340,1
15367,1
15401,4
15425,1
15428,1
15437,3
15501,2
15522,2
15537,1
15542,1
15557,1
15563,2
15601,2
15613,4
15616,1
15622,1
15626,1
15632,2
15642,2
15644,2
15655,1
15658,2
15666,1
15668,2
15670,1
15690,1
15701,4
15717,2
15725,1
15753,1
15767,1
15801,2
15823,1
15829,1
15832,1
15901,1
15904,1
15905,3
15923,1
15926,1
15931,2
15940,1
15946,1
15961,1
15963,1
16001,5
16002,8
16036,1
16037,1
16038,1
16041,1
16046,1
16055,1
16056,1
16057,4
16059,1
16066,1
16101,1
16105,2
16115,1
16116,1
16117,2
16125,2
16127,4
16131,1
16134,1
16137,2
16142,1
16143,2
16148,3
16154,1
16156,1
16157,1
16159,1
16201,2
16214,1
16226,1
16229,4
16242,1
16301,1
16316,1
16323,2
16327,1
16335,2
16345,2
16350,1
16353,1
16354,2
16365,1
16403,1
16407,2
16412,2
16417,2
16421,1
16426,2
16428,2
16433,1
16438,1
16440,1
16441,2
16505,1
16506,2
16508,1
16509,3
16510,1
16511,1
16602,8
16630,1
16646,1
16648,2
16652,1
16655,1
16673,1
16692,1
16701,1
16735,2
16738,2
16743,1
16749,1
16801,2
16802,1
16803,2
16823,1
16827,1
16830,1
16866,1
16901,1
16915,1
16925,1
16933,1
16950,1
17011,1
17013,6
17019,1
17022,2
17025,2
17026,1
17028,1
17033,7
17036,1
17038,1
17042,4
17044,1
17046,2
17050,2
17055,2
17057,1
17061,1
17065,1
17066,1
17067,1
17070,1
17076,1
17110,4
17112,4
17113,1
17201,3
17222,3
17225,1
17233,1
17236,2
17268,4
17301,1
17315,2
17319,1
17320,2
17325,3
17327,1
17331,3
17340,2
17350,1
17356,1
17362,2
17363,1
17368,1
17402,4
17403,1
17404,5
17517,2
17543,2
17545,2
17551,1
17552,1
17563,1
17566,1
17569,1
17601,4
17602,4
17603,1
17701,1
17751,1
17752,1
17754,1
17758,1
17801,1
17814,2
17815,2
17821,3
17824,1
17837,1
17842,1
17847,1
17860,1
17870,1
17921,2
17963,1
17972,1
18014,2
18015,2
18017,1
18032,1
18034,1
18036,3
18038,1
18040,2
18041,1
18045,2
18049,1
18054,1
18055,3
18062,1
18064,1
18066,1
18071,1
18073,1
18101,1
18102,1
18103,1
18104,5
18106,1
18214,3
18222,1
18235,1
18249,1
18301,6
18325,2
18327,1
18333,1
18337,1
18344,4
18350,1
18360,2
18370,1
18372,1
18407,3
18411,4
18414,1
18419,1
18424,1
18426,2
18431,1
18435,2
18444,3
18464,1
18466,1
18507,1
18517,2
18603,1
18612,4
18615,1
18624,2
18643,2
18655,1
18657,1
18702,1
18705,1
18706,1
18707,1
18708,1
18801,1
18854,1
18901,1
18929,2
18938,1
18951,2
18954,1
18966,1
18969,1
18974,3
18976,1
19002,5
19006,3
19008,1
19010,1
19012,2
19020,1
19025,1
19030,1
19031,2
19034,1
19035,1
19038,1
19041,2
19044,1
19046,3
19047,2
19063,1
19064,3
19067,2
19073,3
19075,2
19082,1
19083,1
19085,1
19086,1
19087,2
19095,1
19102,7
19103,7
19104,1
19106,2
19107,4
19114,3
19116,2
19122,1
19124,1
19128,1
19131,1
19145,1
19147,1
19151,1
19301,1
19310,1
19311,3
19320,1
19335,1
19341,1
19342,4
19344,1
19348,2
19355,2
19363,1
19372,1
19373,1
19380,3
19382,2
19403,5
19406,2
19422,5
19426,2
19438,2
19440,1
19444,3
19446,1
19460,4
19462,4
19464,1
19465,1
19468,4
19473,1
19475,1
19506,2
19508,1
19518,2
19520,2
19522,3
19525,3
19526,1
19530,1
19533,1
19555,1
19565,1
19601,1
19604,1
19606,2
19607,1
19608,3
19611,1
19702,1
19707,1
19709,6
19711,3
19713,4
19720,1
19736,1
19801,7
19802,2
19803,2
19806,1
19807,7
19808,3
19810,1
19901,1
19902,1
19904,3
19930,1
19934,1
19952,1
19958,1
19962,1
19970,1
19971,4
19975,1
20001,1
20002,2
20003,1
20004,7
20005,1
20006,4
20007,2
20008,5
20011,2
20020,1
20024,4
20036,2
20110,1
20111,2
20120,2
20124,5
20132,1
20135,1
20136,2
20141,1
20147,1
20148,1
20151,4
20152,1
20155,4
20164,1
20165,2
20169,2
20170,1
20175,4
20176,5
20181,1
20186,1
20190,1
20191,1
20601,1
20613,1
20645,1
20646,1
20650,1
20695,1
20705,1
20706,1
20707,1
20708,1
20711,1
20715,2
20721,5
20735,1
20740,2
20744,3
20754,1
20755,1
20762,1
20769,1
20771,1
20772,3
20774,1
20814,1
20815,2
20817,4
20832,1
20837,2
20839,1
20850,2
20852,3
20853,2
20854,3
20855,1
20871,1
20872,1
20874,1
20882,3
20886,1
20901,1
20904,1
20905,2
20906,3
21001,2
21005,1
21012,2
21014,1
21015,1
21030,2
21032,1
21035,1
21037,1
21042,1
21044,3
21047,1
21048,1
21054,1
21056,1
21075,1
21078,1
21085,1
21087,1
21090,1
21093,4
21104,1
21114,2
21117,2
21122,1
21131,3
21136,1
21146,1
21154,1
21157,1
21158,2
21161,1
21163,1
21201,4
21202,4
21207,1
21208,2
21210,1
21211,1
21213,1
21218,1
21221,1
21222,1
21228,1
21230,3
21239,1
21244,1
21286,1
21401,4
21402,1
21403,1
21502,2
21532,2
21541,1
21550,1
21557,1
21601,3
21613,1
21620,1
21629,2
21638,1
21658,1
21663,1
21666,1
21701,2
21703,2
21704,1
21713,1
21738,1
21740,4
21754,3
21769,2
21771,1
21774,1
21782,1
21784,1
21788,2
21793,1
21804,3
21811,10
21813,1
21851,1
21856,1
21863,1
21864,3
21871,1
21875,1
21901,1
21903,2
21911,1
21921,2
22026,2
22030,3
22032,1
22033,3
22039,1
22042,1
22043,1
22060,2
22066,1
22079,2
22101,1
22102,1
22124,1
22134,2
22152,1
22172,1
22180,1
22182,1
22191,1
22192,2
22201,1
22202,1
22204,1
22207,1
22209,1
22211,3
22304,1
22307,1
22308,1
22309,1
22310,1
22311,1
22312,1
22314,14
22315,1
22401,6
22405,2
22406,1
22408,2
22485,1
22508,3
22553,1
22554,2
22576,1
22601,1
22602,2
22611,1
22630,4
22645,1
22664,1
22701,1
22712,1
22724,1
22725,1
22801,2
22802,2
22807,2
22812,1
22821,1
22832,1
22835,2
22844,1
22901,2
22902,4
22903,3
22904,2
22942,1
22947,2
22960,2
22963,1
22973,1
22980,1
23002,1
23005,1
23015,1
23030,2
23059,3
23060,2
23075,1
23089,1
23093,2
23103,1
23112,2
23113,2
23139,2
23140,2
23141,1
23146,1
23168,1
23185,13
23186,2
23188,4
23192,1
23219,11
23220,6
23221,3
23223,2
23225,1
23226,2
23228,3
23229,1
23230,1
23234,1
23236,1
23237,1
23238,2
23298,1
23314,1
23320,1
23322,3
23410,1
23430,2
23433,1
23434,4
23435,2
23451,9
23452,2
23454,2
23455,2
23456,5
23459,2
23460,1
23462,1
23464,1
23502,1
23503,1
23505,2
23508,1
23510,6
23511,1
23518,1
23521,1
23601,1
23602,1
23604,1
23605,1
23606,2
23607,2
23608,1
23651,1
23663,1
23665,1
23666,3
23669,3
23690,3
23701,2
23702,1
23704,2
23801,1
23803,4
23805,2
23806,1
23832,1
23836,2
23837,1
23838,1
23842,1
23847,1
23851,1
23860,2
23883,1
23890,1
23901,2
23919,1
23924,2
23927,2
23930,1
24011,3
24012,1
24014,1
24016,4
24017,1
24019,1
24060,5
24073,2
24088,1
24095,1
24101,1
24112,3
24121,2
24134,1
24137,1
24153,5
24202,3
24210,1
24211,1
24219,1
24236,1
24244,1
24301,1
24319,1
24324,1
24333,3
24340,1
24354,2
24370,1
24382,2
24401,3
24422,1
24426,2
24450,8
24465,1
24501,2
24502,3
24503,2
24504,1
24521,2
24522,1
24523,2
24531,1
24540,1
24541,3
24551,4
24558,1
24586,1
24592,2
24651,1
24701,2
24822,1
24901,1
24946,1
24954,1
24963,1
24986,3
25005,1
25053,1
25064,1
25085,1
25159,1
25202,1
25260,1
25301,1
25302,1
25309,1
25311,3
25314,1
25320,1
25401,2
25414,3
25427,1
25443,1
25504,3
25526,2
25535,2
25537,1
25550,1
25661,1
25701,2
25703,1
25704,3
25705,1
25755,1
25801,2
25813,1
25832,3
25876,1
25901,2
25918,1
25951,1
25962,1
25979,1
26003,10
26034,1
26037,1
26041,1
26047,1
26050,1
26062,2
26070,2
26101,2
26104,1
26105,2
26143,1
26150,1
26170,1
26175,1
26184,1
26187,2
26201,1
26261,1
26287,1
26291,1
26301,2
26330,2
26351,1
26362,1
26378,1
26385,1
26416,1
26426,1
26501,1
26505,3
26506,1
26508,3
26521,1
26554,1
26710,1
26726,1
26764,2
26836,1
27006,2
27011,2
27012,4
27017,3
27019,1
27028,3
27030,5
27040,2
27041,1
27048,3
27052,1
27055,1
27101,4
27103,1
27104,2
27105,2
27106,2
27107,3
27127,2
27205,6
27212,1
27214,2
27215,3
27217,1
27231,1
27235,1
27253,3
27260,4
27262,2
27263,2
27265,2
27278,2
27281,1
27282,1
27283,1
27284,3
27288,2
27292,1
27295,1
27298,1
27301,2
27302,2
27306,1
27312,1
27317,1
27320,5
27325,1
27330,1
27332,3
27344,2
27349,1
27357,1
27360,2
27371,1
27376,1
27377,2
27401,1
27403,1
27406,3
27407,3
27408,1
27409,1
27410,4
27455,1
27511,2
27513,1
27514,1
27516,1
27517,3
27520,2
27522,1
27524,1
27526,2
27527,2
27529,2
27530,3
27531,1
27534,1
27536,1
27537,1
27539,1
27540,1
27545,1
27546,2
27549,3
27551,1
27565,2
27572,1
27574,1
27576,1
27577,1
27587,4
27589,1
27591,1
27592,1
27597,1
27603,5
27604,1
27607,1
27609,1
27610,2
27613,1
27614,1
27615,1
27616,1
27617,1
27703,3
27705,4
27707,1
27712,2
27804,1
27807,1
27817,1
27820,1
27823,1
27828,3
27834,4
27845,1
27850,1
27856,1
27858,1
27864,1
27871,1
27882,1
27886,2
27889,2
27890,1
27891,1
27892,1
27893,3
27896,1
27909,4
27910,1
27932,1
27939,2
27941,1
27944,1
27949,2
27954,1
27959,1
27962,1
27983,1
27986,1
28001,2
28012,1
28021,2
28023,1
28025,1
28027,2
28031,1
28032,1
28034,1
28036,1
28037,2
28043,2
28052,1
28054,2
28056,1
28078,3
28079,2
28080,1
28081,2
28086,3
28092,2
28103,1
28104,2
28110,1
28112,2
28115,1
28117,1
28120,1
28125,1
28127,1
28128,1
28139,2
28144,3
28146,2
28147,2
28150,4
28152,1
28164,1
28170,1
28173,1
28202,2
28204,1
28205,1
28208,3
28209,3
28210,1
28211,1
28214,2
28215,2
28216,2
28217,2
28226,3
28227,2
28262,1
28269,1
28277,5
28303,1
28305,2
28306,2
28307,1
28308,1
28310,1
28311,1
28312,1
28315,2
28326,1
28327,3
28328,1
28333,1
28334,2
28337,2
28340,1
28348,1
28349,1
28352,3
28357,1
28358,1
28360,1
28364,1
28365,1
28373,1
28374,8
28376,2
28379,2
28385,1
28387,12
28394,2
28396,1
28399,1
28401,5
28403,2
28405,4
28409,1
28411,1
28412,4
28422,1
28425,1
28441,1
28443,4
28449,1
28450,1
28451,1
28453,1
28460,1
28461,6
28462,1
28465,1
28466,2
28467,5
28468,5
28469,2
28470,3
28472,3
28479,1
28501,2
28504,1
28510,1
28512,2
28513,1
28516,1
28530,1
28532,3
28540,1
28546,1
28547,1
28557,3
28560,3
28562,5
28572,1
28584,2
28585,1
28601,5
28602,1
28604,4
28605,2
28607,2
28612,1
28613,1
28623,1
28625,3
28627,1
28630,2
28640,1
28642,1
28645,3
28650,1
28655,3
28657,5
28658,2
28659,1
28675,1
28676,1
28677,3
28681,1
28685,1
28692,1
28694,1
28697,1
28704,2
28711,1
28712,2
28714,3
28716,1
28717,4
28721,1
28722,1
28723,1
28729,1
28731,2
28732,1
28734,3
28739,5
28741,5
28746,2
28747,2
28751,1
28752,1
28761,1
28762,2
28768,1
28774,2
28777,2
28782,2
28786,4
28787,1
28789,1
28792,4
28801,2
28803,1
28804,2
28805,2
28806,1
28904,2
28906,2
29003,1
29006,1
29009,2
29010,1
29016,3
29020,2
29036,1
29042,1
29045,1
29053,1
29055,1
29059,1
29061,2
29067,1
29069,2
29070,2
29072,2
29078,1
29080,1
29102,4
29108,1
29115,2
29118,2
29127,1
29129,1
29135,1
29142,3
29148,1
29150,2
29152,1
29153,1
29154,3
29170,1
29172,1
29180,1
29201,1
29203,3
29206,2
29207,1
29210,2
29212,1
29223,2
29229,1
29302,6
29303,2
29306,1
29322,1
29325,1
29334,1
29340,1
29341,1
29349,1
29356,1
29360,1
29379,2
29384,1
29388,1
29401,1
29403,1
29404,1
29406,2
29412,2
29414,2
29418,1
29420,1
29438,1
29440,1
29445,3
29449,2
29451,3
29455,7
29456,1
29461,2
29464,2
29466,3
29477,1
29483,2
29485,2
29487,1
29488,1
29492,1
29501,3
29506,1
29510,1
29512,1
29520,2
29525,1
29526,5
29532,3
29544,1
29547,1
29550,2
29555,1
29556,1
29560,1
29566,5
29568,7
29569,4
29571,1
29572,4
29575,3
29576,6
29577,5
29579,5
29581,1
29582,7
29585,9
29588,6
29601,1
29605,4
29607,3
29609,1
29613,1
29615,1
29617,1
29620,2
29621,3
29624,1
29625,1
29626,1
29640,2
29642,1
29644,1
29646,1
29649,4
29650,1
29651,2
29653,1
29654,1
29666,1
29670,2
29671,2
29672,1
29673,2
29676,1
29678,1
29681,2
29684,1
29685,1
29687,1
29690,1
29691,2
29692,1
29693,3
29697,1
29706,1
29708,1
29709,1
29710,1
29715,3
29720,1
29728,1
29730,5
29745,3
29801,3
29803,3
29805,1
29809,1
29812,2
29817,1
29824,1
29827,1
29829,1
29831,1
29835,2
29840,1
29841,2
29853,1
29860,2
29902,2
29907,5
29909,4
29910,7
29915,2
29920,4
29924,1
29926,13
29927,1
29928,11
29936,1
29941,1
30004,5
30005,1
30008,1
30013,3
30014,2
30019,2
30022,3
30024,3
30034,1
30035,1
30038,2
30039,1
30040,1
30041,3
30043,1
30044,1
30052,1
30058,1
30060,1
30064,1
30066,1
30067,1
30068,1
30069,1
30075,2
30076,2
30078,1
30080,1
30084,1
30087,3
30088,1
30094,1
30096,1
30097,6
30101,2
30102,1
30103,1
30106,1
30108,1
30110,2
30114,3
30115,1
30116,1
30117,1
30120,2
30121,2
30125,4
30127,1
30134,2
30135,2
30141,1
30143,2
30144,2
30145,1
30152,1
30153,1
30161,4
30165,4
30176,1
30177,1
30179,1
30180,2
30183,1
30187,1
30188,2
30189,3
30204,1
30215,2
30218,1
30223,2
30224,1
30228,1
30230,1
30233,1
30236,2
30238,2
30240,1
30241,2
30252,1
30253,1
30256,1
30260,1
30263,3
30265,3
30269,3
30277,1
30281,2
30286,1
30290,2
30292,2
30294,1
30303,3
30305,2
30307,2
30309,3
30310,2
30311,1
30312,1
30313,1
30315,1
30316,1
30317,2
30318,1
30319,2
30327,2
30330,1
30331,3
30337,1
30342,2
30350,2
30354,1
30360,1
30401,1
30410,1
30411,1
30417,1
30434,1
30439,1
30442,2
30453,1
30458,6
30467,1
30474,1
30504,1
30506,2
30512,1
30517,2
30518,3
30523,3
30525,1
30527,1
30528,1
30529,1
30530,1
30534,2
30535,1
30537,1
30540,2
30542,2
30545,1
30549,1
30558,1
30577,1
30582,1
30605,3
30607,1
30621,1
30622,1
30635,1
30642,6
30643,2
30650,1
30655,1
30656,1
30662,1
30663,1
30666,1
30669,1
30673,3
30680,2
30701,2
30705,2
30707,1
30710,1
30721,1
30728,1
30736,2
30738,1
30740,1
30750,1
30752,3
30753,1
30755,1
30809,1
30814,1
30815,1
30816,1
30817,1
30824,2
30828,1
30830,1
30833,1
30901,3
30904,2
30906,2
30907,1
30909,2
31005,3
31014,2
31015,2
31019,1
31021,2
31023,2
31024,3
31029,1
31030,1
31031,1
31032,1
31036,1
31061,2
31063,1
31064,2
31069,2
31076,1
31079,1
31088,1
31089,1
31096,1
31098,1
31201,2
31206,1
31210,3
31211,1
31216,2
31217,3
31220,2
31308,1
31313,1
31315,1
31324,2
31326,1
31401,4
31404,3
31405,1
31406,1
31408,2
31409,1
31410,1
31411,2
31419,2
31503,1
31510,1
31513,1
31516,2
31522,3
31523,1
31525,3
31527,2
31533,4
31537,1
31539,1
31546,1
31547,1
31548,1
31558,2
31561,3
31602,2
31605,2
31620,2
31631,1
31636,1
31701,2
31704,1
31705,1
31707,2
31709,2
31714,1
31719,1
31721,2
31733,1
31750,1
31757,1
31768,1
31774,1
31779,1
31791,1
31792,1
31793,1
31794,1
31805,1
31806,1
31816,1
31820,2
31822,1
31901,2
31903,1
31904,2
31905,2
31906,2
31909,1
32003,1
32011,1
32025,1
32033,1
32034,5
32043,2
32052,1
32055,1
32060,1
32063,1
32073,1
32080,1
32082,8
32086,2
32091,1
32092,5
32095,1
32112,2
32114,2
32118,1
32119,2
32124,1
32127,1
32128,3
32136,1
32137,3
32139,1
32159,8
32162,1
32164,2
32168,4
32174,6
32176,1
32177,1
32210,1
32214,1
32217,1
32218,2
32221,1
32222,1
32224,4
32225,4
32233,2
32244,2
32250,1
32256,3
32259,2
32277,1
32301,2
32305,1
32309,1
32310,2
32311,1
32312,2
32317,1
32327,1
32333,1
32340,1
32352,1
32403,1
32404,2
32405,1
32407,3
32408,2
32425,1
32428,3
32435,1
32439,1
32444,1
32446,2
32448,1
32455,1
32456,1
32459,1
32505,1
32506,1
32507,4
32508,1
32514,1
32526,2
32533,2
32536,1
32539,1
32541,6
32547,2
32548,2
32550,3
32563,2
32566,1
32570,2
32571,2
32578,3
32579,1
32583,1
32603,1
32606,1
32608,2
32609,1
32615,1
32626,1
32656,1
32669,1
32696,1
32702,1
32703,1
32707,2
32708,3
32712,3
32713,2
32714,1
32724,3
32725,1
32735,1
32736,1
32746,4
32750,1
32757,2
32759,1
32764,1
32765,1
32771,1
32776,1
32778,3
32779,4
32780,3
32789,1
32792,2
32796,1
32798,2
32804,2
32808,1
32809,1
32819,3
32821,3
32822,1
32824,1
32825,1
32826,2
32827,2
32828,1
32830,9
32832,2
32833,1
32835,1
32836,1
32837,1
32839,1
32901,1
32904,1
32905,1
32909,2
32925,1
32927,1
32931,1
32935,1
32937,1
32940,3
32949,1
32950,1
32951,2
32953,1
32955,3
32958,1
32960,2
32962,2
32963,5
32966,2
32967,5
32976,1
33004,1
33009,1
33014,1
33015,1
33020,3
33021,3
33023,1
33025,3
33026,1
33027,2
33031,1
33033,1
33035,1
33036,1
33037,3
33040,3
33050,2
33060,1
33062,1
33063,4
33064,2
33065,2
33066,1
33067,1
33069,2
33071,1
33073,2
33076,1
33109,1
33125,1
33128,2
33129,1
33131,6
33132,2
33134,2
33138,1
33140,3
33141,1
33146,1
33149,1
33154,2
33157,1
33158,1
33160,1
33166,1
33167,1
33172,1
33176,2
33178,4
33179,3
33180,1
33183,1
33186,1
33308,2
33309,2
33313,2
33317,2
33319,4
33321,2
33322,2
33324,3
33325,1
33326,1
33328,2
33332,1
33351,1
33401,1
33405,2
33407,1
33408,3
33409,2
33410,1
33411,7
33412,4
33413,1
33414,5
33417,2
33418,6
33426,3
33428,2
33430,2
33432,5
33433,6
33434,3
33435,2
33436,9
33437,3
33440,1
33441,2
33442,2
33445,5
33446,6
33455,7
33458,4
33460,1
33461,1
33462,2
33463,3
33467,8
33469,5
33477,3
33478,1
33480,5
33483,1
33484,4
33487,4
33496,4
33498,2
33523,3
33525,1
33527,1
33540,1
33541,2
33542,2
33543,1
33544,1
33556,3
33558,4
33565,3
33566,1
33569,1
33570,1
33572,1
33573,8
33576,1
33594,3
33602,1
33604,1
33610,1
33612,1
33613,2
33617,1
33618,1
33620,1
33621,1
33624,1
33625,1
33626,2
33629,1
33634,1
33635,1
33637,1
33647,4
33702,1
33704,1
33706,1
33707,1
33710,1
33711,1
33712,1
33715,1
33755,1
33756,3
33760,1
33761,2
33762,2
33763,2
33765,1
33770,2
33771,2
33772,1
33774,2
33776,1
33777,3
33778,1
33782,1
33801,2
33803,2
33809,2
33810,3
33813,2
33815,2
33823,1
33825,4
33830,1
33834,1
33837,3
33843,1
33844,6
33850,1
33852,3
33860,2
33870,1
33872,3
33873,2
33875,2
33876,1
33881,7
33884,5
33890,2
33896,2
33897,4
33898,5
33901,1
33903,6
33904,1
33907,2
33908,7
33912,9
33913,1
33916,1
33917,4
33919,5
33921,1
33922,1
33924,1
33928,7
33931,1
33935,1
33936,3
33946,1
33947,3
33950,4
33952,1
33953,1
33955,2
33957,3
33971,1
33972,1
33980,2
33981,1
33982,1
33983,2
33990,1
33991,2
33993,1
34102,1
34103,2
34104,3
34105,11
34108,2
34109,3
34110,8
34112,9
34113,8
34114,4
34116,1
34117,1
34119,6
34120,6
34134,2
34135,8
34145,3
34201,1
34202,2
34203,2
34207,1
34208,2
34209,4
34210,3
34211,1
34212,2
34217,1
34219,3
34221,6
34223,2
34224,3
34228,1
34229,1
34231,1
34232,2
34234,1
34235,1
34238,3
34239,1
34240,5
34241,6
34243,3
34266,1
34269,4
34275,4
34285,3
34287,2
34288,1
34292,5
34293,5
34429,2
34431,1
34432,2
34434,3
34442,1
34446,2
34450,2
34453,1
34461,1
34465,3
34470,1
34472,4
34473,2
34475,1
34476,1
34480,2
34481,3
34482,4
34491,3
34601,3
34602,1
34604,2
34606,1
34608,2
34609,2
34610,1
34613,4
34614,3
34652,1
34653,1
34654,2
34655,3
34667,3
34668,1
34669,1
34677,1
34683,1
34684,1
34685,2
34688,3
34689,1
34690,1
34698,2
34711,5
34736,1
34737,2
34741,1
34743,2
34744,3
34746,2
34747,2
34748,3
34759,5
34771,1
34772,1
34785,2
34786,3
34787,3
34788,4
34797,1
34946,1
34949,1
34950,1
34951,4
34952,5
34956,2
34957,4
34972,1
34974,2
34982,1
34986,4
34990,10
34994,2
34996,4
34997,8
35007,1
35010,1
35014,1
35016,2
35020,1
35022,5
35033,1
35040,2
35042,1
35044,1
35045,1
35046,1
35057,1
35058,1
35062,2
35071,1
35073,1
35077,1
35078,1
35094,1
35111,2
35115,2
35116,1
35121,4
35124,1
35126,1
35128,2
35150,1
35160,2
35173,1
35175,1
35203,6
35205,2
35206,2
35208,2
35210,1
35211,1
35213,1
35216,1
35222,1
35223,2
35226,1
35228,1
35235,2
35242,6
35243,1
35244,3
35401,3
35404,1
35405,2
35406,2
35473,1
35476,1
35481,1
35503,1
35550,2
35563,2
35565,1
35579,1
35582,1
35592,1
35601,4
35603,3
35610,1
35613,4
35618,1
35622,1
35630,3
35634,1
35650,1
35652,1
35661,1
35674,2
35747,1
35749,1
35759,2
35763,2
35769,1
35801,4
35802,1
35805,1
35806,1
35808,1
35811,2
35816,1
35824,1
35901,3
35903,1
35904,1
35905,2
35951,1
35952,1
35954,1
35956,1
35958,2
35960,2
35966,1
35967,3
35976,3
35980,1
35984,1
36010,1
36027,3
36037,2
36054,1
36066,1
36067,1
36078,2
36079,1
36081,1
36089,1
36092,1
36104,2
36106,2
36107,1
36108,1
36109,2
36112,2
36116,2
36117,4
36205,2
36206,1
36207,3
36251,1
36265,4
36274,1
36301,3
36303,1
36305,1
36323,1
36330,3
36340,2
36360,2
36362,1
36401,1
36421,1
36426,1
36451,1
36460,1
36467,1
36502,1
36507,1
36518,1
36522,1
36526,1
36527,1
36528,1
36530,1
36532,4
36535,2
36542,6
36544,2
36551,1
36561,3
36582,1
36602,4
36604,3
36606,1
36607,2
36608,3
36613,1
36615,1
36618,1
36693,2
36701,3
36703,1
36726,1
36732,1
36748,1
36756,1
36784,1
36801,1
36804,1
36830,2
36832,1
36853,1
36863,1
36867,1
36870,1
36904,1
37015,1
37027,5
37033,1
37043,4
37055,2
37064,4
37066,2
37069,4
37072,1
37073,1
37075,2
37076,1
37080,1
37082,1
37083,1
37087,2
37091,3
37110,2
37122,2
37127,1
37129,4
37130,2
37138,4
37145,1
37148,1
37160,2
37166,1
37167,2
37172,2
37185,1
37187,1
37201,1
37203,4
37205,2
37206,2
37208,2
37209,1
37214,2
37215,1
37217,1
37221,2
37240,1
37303,3
37308,1
37312,1
37317,1
37323,2
37327,1
37332,1
37334,1
37341,1
37343,2
37354,1
37355,2
37363,1
37375,1
37377,1
37379,1
37380,1
37388,2
37398,4
37402,1
37403,4
37405,2
37411,1
37416,1
37419,1
37421,4
37601,3
37604,1
37616,1
37617,1
37620,4
37641,1
37642,1
37643,1
37659,3
37660,2
37664,2
37692,1
37701,1
37708,1
37723,1
37725,1
37738,2
37743,5
37745,2
37748,1
37760,1
37763,2
37764,1
37766,2
37771,1
37772,2
37774,3
37777,1
37801,2
37803,1
37813,1
37814,2
37820,1
37821,1
37826,1
37830,5
37840,1
37841,1
37853,1
37857,2
37863,1
37865,1
37876,1
37879,1
37882,1
37885,1
37890,2
37902,3
37914,1
37915,2
37917,1
37918,2
37919,2
37921,1
37922,5
37923,1
38001,1
38002,1
38004,1
38008,1
38012,1
38016,2
38017,1
38018,1
38019,1
38024,2
38053,3
38059,1
38063,1
38067,1
38068,1
38103,2
38104,5
38106,1
38109,3
38111,3
38112,2
38114,1
38115,2
38117,1
38118,1
38122,1
38125,5
38127,1
38134,2
38135,1
38139,2
38152,1
38201,1
38242,1
38251,1
38255,2
38256,1
38257,2
38260,1
38261,2
38301,5
38305,3
38310,1
38326,2
38340,1
38343,1
38351,1
38358,1
38366,1
38372,1
38401,2
38462,1
38464,1
38474,1
38478,1
38483,1
38485,1
38501,3
38506,1
38555,2
38558,5
38570,1
38571,1
38572,1
38574,1
38583,1
38606,1
38614,3
38632,1
38635,4
38646,1
38652,3
38654,5
38655,2
38664,6
38666,1
38668,1
38671,2
38701,1
38703,2
38732,1
38737,1
38751,1
38801,1
38804,2
38821,1
38826,1
38829,1
38834,3
38843,2
38851,1
38852,1
38863,1
38866,2
38901,1
38915,1
38921,1
38930,4
38963,1
38967,1
39039,1
39042,1
39046,2
39047,2
39051,2
39059,2
39074,1
39090,1
39110,3
39114,2
39120,5
39154,1
39180,8
39183,1
39191,1
39201,1
39202,3
39208,2
39209,4
39211,2
39213,2
39216,1
39232,1
39272,1
39301,2
39305,2
39307,1
39309,1
39339,1
39350,1
39367,1
39401,2
39402,5
39428,1
39429,1
39440,3
39443,1
39452,1
39455,1
39459,1
39465,2
39466,1
39470,1
39474,1
39475,1
39501,3
39503,1
39507,2
39520,2
39525,1
39530,7
39531,6
39532,3
39534,1
39553,2
39564,4
39567,2
39571,1
39577,1
39601,1
39638,1
39648,3
39661,2
39666,1
39667,2
39701,1
39705,2
39710,1
39730,1
39746,1
39759,4
39773,2
39817,1
39819,1
39823,1
39828,1
39837,1
39840,1
39842,1
39845,1
39851,1
39861,1
40004,4
40014,2
40026,1
40031,2
40033,2
40051,1
40059,3
40065,2
40069,1
40071,1
40108,2
40109,1
40118,1
40121,1
40150,1
40165,2
40202,8
40204,1
40205,4
40206,2
40207,2
40209,7
40212,2
40213,3
40214,1
40216,1
40220,1
40222,1
40223,1
40229,2
40241,1
40242,1
40245,7
40272,2
40291,3
40292,1
40299,1
40312,2
40324,2
40330,1
40342,2
40351,3
40353,1
40356,5
40361,4
40371,1
40383,2
40391,2
40403,2
40422,3
40444,1
40475,5
40484,1
40502,2
40503,1
40504,1
40505,1
40507,7
40508,1
40509,3
40511,4
40514,1
40517,2
40601,5
40701,2
40744,2
40769,1
40823,1
41001,1
41005,1
41007,1
41011,2
41015,2
41016,1
41017,1
41042,2
41048,1
41051,1
41056,2
41075,1
41091,2
41095,1
41101,1
41102,2
41129,2
41139,1
41501,1
41653,1
41701,1
42001,3
42003,2
42025,1
42029,1
42048,1
42050,1
42056,1
42064,1
42066,2
42071,4
42101,5
42103,2
42122,1
42127,1
42134,2
42141,1
42156,1
42160,1
42163,1
42164,1
42166,1
42167,1
42211,1
42223,1
42240,1
42261,1
42262,1
42276,2
42301,2
42303,7
42320,1
42345,1
42352,1
42409,1
42420,3
42431,3
42437,1
42453,1
42503,1
42518,1
42629,2
42642,1
42701,1
42728,2
42748,1
42754,1
43001,2
43004,1
43009,1
43011,2
43013,1
43015,4
43016,2
43017,4
43021,4
43022,1
43023,4
43025,1
43026,1
43028,2
43031,3
43040,4
43044,1
43050,6
43054,4
43055,3
43056,2
43061,1
43062,5
43064,2
43065,6
43068,1
43072,1
43074,3
43076,2
43078,1
43081,1
43082,2
43103,2
43112,1
43113,1
43119,2
43123,3
43125,3
43130,4
43138,1
43140,2
43143,2
43146,2
43147,1
43149,1
43155,1
43211,1
43213,2
43215,3
43221,2
43223,1
43224,1
43228,2
43229,1
43230,2
43231,1
43232,1
43235,3
43302,5
43311,2
43314,1
43326,1
43338,1
43351,1
43357,1
43402,3
43410,2
43412,1
43416,1
43420,3
43440,1
43449,2
43452,4
43469,1
43506,1
43512,4
43518,1
43526,1
43528,2
43537,1
43543,1
43545,1
43551,2
43558,1
43560,2
43566,1
43567,1
43605,1
43606,1
43611,3
43613,1
43614,3
43615,1
43618,2
43701,5
43716,1
43718,1
43746,1
43755,1
43762,1
43764,1
43780,1
43812,2
43830,1
43845,2
43920,2
43942,1
43946,1
43950,1
43952,1
43953,1
44004,2
44010,1
44011,3
44012,2
44021,1
44022,1
44023,2
44024,4
44026,3
44028,9
44030,2
44035,5
44041,1
44044,5
44046,1
44047,1
44050,2
44053,2
44057,5
44060,1
44062,1
44065,2
44070,2
44074,1
44077,5
44084,1
44086,1
44087,1
44089,2
44090,1
44092,3
44094,4
44109,1
44113,1
44114,7
44116,1
44118,1
44121,1
44122,4
44123,1
44124,5
44126,1
44129,1
44135,2
44138,1
44139,2
44141,1
44143,2
44145,3
44146,2
44147,2
44149,1
44201,2
44202,3
44203,2
44212,1
44216,1
44217,1
44221,1
44224,4
44230,1
44231,1
44233,5
44236,4
44240,7
44241,1
44254,1
44256,6
44260,3
44264,1
44266,3
44273,2
44280,1
44281,1
44286,2
44305,1
44307,1
44312,1
44313,4
44319,3
44320,1
44321,1
44333,2
44401,1
44403,1
44406,2
44408,3
44410,4
44412,1
44420,1
44425,4
44428,1
44429,1
44432,3
44436,2
44441,1
44444,2
44449,1
44451,1
44460,4
44470,1
44473,2
44483,3
44484,2
44505,2
44514,1
44601,3
44609,2
44612,1
44614,2
44615,1
44622,1
44625,1
44626,1
44632,4
44634,1
44638,1
44646,3
44647,1
44654,2
44657,1
44663,2
44667,1
44669,1
44675,1
44683,1
44685,3
44691,2
44705,1
44708,1
44714,1
44718,2
44720,2
44721,2
44730,1
44805,3
44811,1
44813,2
44820,2
44830,3
44833,2
44839,4
44841,1
44851,1
44853,1
44854,1
44857,2
44859,1
44864,1
44870,3
44875,2
44880,1
44883,3
44890,1
44903,3
44904,1
44905,1
44906,1
44907,1
45002,3
45005,2
45011,3
45013,2
45014,2
45030,2
45036,2
45039,1
45040,5
45042,4
45044,3
45052,3
45054,1
45056,4
45066,2
45069,2
45103,1
45106,1
45121,1
45122,1
45123,1
45130,1
45133,2
45140,3
45144,1
45150,1
45152,1
45159,2
45171,1
45177,2
45202,5
45208,3
45213,1
45215,1
45216,1
45219,1
45226,1
45228,1
45229,1
45233,5
45237,2
45238,1
45239,1
45240,3
45241,2
45243,2
45244,3
45245,2
45246,1
45252,1
45255,2
45304,1
45308,1
45315,2
45320,1
45324,3
45327,1
45331,2
45338,1
45342,4
45344,1
45356,1
45365,2
45371,3
45373,2
45377,1
45383,1
45385,4
45390,1
45406,1
45409,3
45414,1
45415,2
45418,1
45426,1
45427,1
45429,3
45431,1
45432,1
45433,2
45440,2
45458,1
45502,1
45503,4
45504,3
45505,3
45601,5
45612,1
45631,1
45640,1
45652,1
45661,1
45684,1
45690,1
45693,1
45701,2
45714,2
45732,2
45750,1
45769,1
45801,2
45804,1
45805,1
45806,1
45807,1
45810,1
45817,1
45822,3
45833,1
45840,6
45872,1
45875,2
45880,1
45891,1
45896,1
46001,1
46011,3
46012,2
46013,3
46016,1
46032,4
46033,3
46034,1
46036,1
46038,6
46041,1
46051,1
46052,5
46060,4
46062,3
46064,2
46065,1
46074,1
46077,3
46112,2
46113,2
46118,1
46120,1
46122,1
46123,2
46124,1
46131,5
46140,4
46142,1
46143,3
46148,1
46151,2
46167,1
46173,1
46176,1
46181,2
46202,3
46203,1
46204,4
46208,1
46214,1
46216,1
46218,1
46219,1
46220,2
46221,2
46222,6
46228,3
46229,3
46234,1
46235,1
46236,2
46237,1
46239,1
46250,1
46259,1
46260,1
46280,1
46303,4
46304,2
46307,7
46311,1
46312,1
46319,1
46320,3
46322,1
46324,1
46342,5
46350,3
46360,3
46366,1
46371,1
46375,1
46383,2
46385,4
46402,1
46406,1
46408,1
46410,2
46507,1
46511,2
46514,3
46516,3
46517,1
46526,1
46528,1
46530,2
46532,1
46534,1
46538,2
46540,2
46542,1
46543,1
46544,1
46552,1
46553,2
46556,1
46562,1
46563,4
46567,2
46573,1
46574,1
46580,1
46590,1
46601,1
46613,1
46614,2
46615,1
46619,2
46628,2
46637,1
46701,2
46703,3
46706,5
46714,2
46723,1
46725,3
46733,3
46737,1
46738,3
46740,1
46742,1
46746,1
46750,5
46755,3
46765,2
46774,1
46785,1
46797,1
46802,2
46804,1
46805,1
46806,1
46807,2
46808,3
46809,2
46814,3
46815,1
46818,2
46835,4
46845,3
46901,2
46902,5
46923,1
46928,1
46929,1
46940,1
46947,2
46952,4
46953,2
46974,1
46975,1
46985,1
46992,1
46996,1
47001,2
47006,1
47012,1
47020,1
47025,2
47031,1
47040,2
47041,1
47060,1
47106,1
47112,3
47118,1
47119,1
47129,2
47130,3
47143,1
47150,1
47161,1
47167,1
47172,2
47201,2
47203,2
47220,1
47240,2
47250,3
47265,2
47274,3
47302,2
47303,1
47304,1
47305,1
47320,1
47327,1
47338,1
47340,1
47348,2
47352,1
47356,2
47362,3
47371,1
47374,5
47383,1
47396,1
47401,1
47403,1
47404,1
47405,1
47408,2
47421,2
47432,1
47448,1
47460,1
47501,1
47512,1
47542,1
47546,3
47552,1
47567,1
47591,2
47601,3
47620,2
47630,1
47666,1
47710,2
47711,3
47712,2
47713,2
47715,4
47720,3
47725,2
47802,5
47803,3
47804,1
47807,2
47842,2
47882,1
47904,1
47905,1
47906,8
47918,2
47932,1
47933,2
47944,1
47960,1
47978,1
48009,1
48014,1
48025,1
48026,1
48027,1
48028,1
48034,2
48036,1
48038,2
48040,1
48041,1
48042,6
48043,1
48044,1
48045,3
48047,2
48048,1
48050,1
48051,1
48054,1
48059,3
48060,4
48064,2
48065,2
48070,2
48071,1
48073,3
48074,1
48075,1
48079,2
48082,1
48084,1
48085,2
48094,2
48095,2
48096,2
48097,1
48101,1
48103,5
48104,6
48105,5
48108,2
48109,2
48111,3
48114,1
48116,5
48117,2
48118,2
48120,1
48124,3
48126,2
48127,1
48130,2
48131,1
48137,1
48138,3
48141,1
48144,1
48152,2
48154,1
48161,2
48162,3
48164,1
48165,1
48166,1
48167,7
48169,3
48170,5
48173,1
48174,4
48176,2
48178,4
48179,1
48180,2
48182,3
48185,1
48186,2
48188,2
48189,1
48192,2
48195,1
48197,4
48198,3
48201,2
48203,3
48207,4
48213,2
48216,1
48219,1
48226,11
48236,2
48239,2
48240,1
48301,2
48302,2
48304,5
48306,4
48307,3
48309,4
48312,3
48313,1
48316,1
48322,1
48323,4
48324,2
48326,2
48328,1
48329,1
48331,1
48334,1
48335,2
48341,1
48342,1
48346,3
48348,3
48350,2
48353,2
48356,1
48360,1
48362,2
48363,2
48370,2
48371,2
48374,1
48377,1
48380,3
48382,5
48383,1
48386,1
48390,2
48393,2
48412,2
48413,2
48415,1
48418,1
48420,3
48422,1
48423,4
48429,2
48430,2
48433,1
48438,1
48439,6
48442,1
48444,1
48446,2
48449,1
48451,1
48453,1
48455,2
48457,1
48458,1
48461,1
48467,1
48468,1
48469,1
48471,2
48473,1
48503,5
48504,1
48506,1
48507,3
48509,1
48529,1
48532,1
48601,1
48602,2
48603,3
48604,1
48607,1
48609,3
48615,1
48616,1
48617,1
48619,1
48622,1
48623,4
48624,3
48625,5
48626,1
48629,3
48631,1
48634,1
48635,2
48637,1
48640,3
48642,1
48647,2
48650,1
48653,1
48655,1
48656,1
48658,1
48661,2
48703,1
48706,3
48720,1
48722,1
48723,2
48725,2
48726,2
48730,2
48731,2
48732,1
48734,1
48735,1
48738,1
48739,1
48740,1
48742,2
48744,1
48746,1
48750,1
48756,2
48757,1
48763,1
48768,1
48801,1
48808,2
48809,3
48813,2
48818,1
48820,3
48823,4
48824,4
48827,2
48829,1
48837,2
48838,2
48840,2
48842,1
48843,6
48846,2
48847,3
48848,1
48854,3
48855,2
48856,1
48858,7
48864,1
48867,3
48872,1
48873,2
48875,1
48879,2
48880,2
48881,1
48883,1
48884,1
48890,1
48892,1
48895,2
48906,2
48910,3
48911,1
48912,2
48917,2
49001,3
49002,1
49004,1
49006,1
49007,2
49008,1
49009,4
49010,3
49012,3
49014,3
49015,4
49017,4
49022,3
49024,2
49028,1
49029,1
49031,2
49036,3
49038,1
49046,1
49047,3
49048,1
49055,1
49056,1
49058,3
49060,1
49065,1
49068,4
49073,1
49076,1
49078,2
49079,2
49080,2
49082,1
49083,1
49085,4
49087,1
49088,1
49090,4
49091,3
49093,1
49097,1
49098,1
49103,1
49106,2
49107,3
49111,3
49112,2
49117,3
49120,2
49201,6
49203,5
49220,1
49221,4
49224,1
49230,3
49233,1
49236,2
49237,2
49240,4
49242,2
49246,1
49247,1
49249,1
49250,1
49252,1
49256,1
49267,2
49269,1
49270,1
49272,1
49276,1
49284,1
49285,1
49286,3
49301,2
49302,2
49306,3
49307,4
49315,3
49316,3
49319,1
49321,2
49323,1
49326,2
49327,1
49329,1
49331,2
49337,1
49339,2
49341,3
49342,1
49344,2
49345,2
49346,2
49348,1
49401,1
49412,4
49417,2
49418,2
49423,4
49424,1
49426,3
49428,1
49431,5
49435,2
49436,1
49437,1
49440,4
49441,2
49442,2
49444,3
49445,2
49446,1
49448,1
49452,1
49453,1
49455,2
49456,2
49460,1
49461,3
49464,1
49503,3
49504,4
49505,1
49506,1
49509,1
49512,1
49519,1
49525,3
49544,4
49546,4
49601,6
49613,1
49614,2
49615,4
49616,1
49617,2
49621,1
49629,1
49630,1
49635,3
49643,1
49646,4
49648,1
49649,1
49650,1
49651,1
49653,1
49654,1
49659,1
49660,2
49663,1
49668,1
49670,1
49675,1
49679,1
49682,1
49684,5
49686,3
49688,1
49689,1
49690,2
49707,4
49709,1
49712,2
49713,1
49715,1
49716,2
49718,2
49720,4
49721,1
49726,2
49727,2
49729,2
49735,8
49738,2
49740,7
49743,1
49756,1
49757,2
49765,2
49770,3
49781,2
49783,3
49788,1
49795,1
49799,1
49801,3
49807,1
49829,2
49841,1
49849,1
49854,1
49855,5
49858,1
49887,1
49913,1
49916,1
49931,1
49935,2
49938,2
49946,1
49950,1
49953,1
49968,2
50001,1
50003,2
50009,1
50010,7
50011,1
50014,2
50020,1
50021,5
50022,2
50025,1
50036,4
50049,1
50054,2
50056,1
50058,1
50060,1
50071,1
50076,1
50109,1
50111,1
50112,3
50115,1
50122,1
50124,1
50125,3
50126,2
50129,3
50130,1
50131,1
50138,2
50140,1
50144,1
50158,5
50164,1
50170,1
50201,2
50207,1
50208,3
50211,4
50213,1
50216,1
50219,3
50220,1
50223,1
50225,2
50230,1
50237,1
50247,1
50248,1
50258,1
50265,1
50266,3
50273,3
50276,1
50309,5
50311,1
50312,5
50314,1
50315,5
50316,1
50317,3
50322,2
50327,1
50401,4
50421,1
50423,2
50424,1
50428,3
50438,1
50441,2
50449,1
50450,1
50452,1
50456,1
50459,1
50461,1
50466,1
50468,1
50469,1
50472,1
50475,1
50479,1
50501,5
50511,2
50514,1
50517,1
50524,1
50525,2
50530,1
50533,1
50536,1
50540,1
50543,1
50548,1
50554,2
50558,1
50562,1
50563,1
50568,1
50574,2
50579,3
50581,2
50583,1
50585,1
50588,4
50595,2
50597,2
50598,1
50602,1
50604,1
50613,7
50616,3
50619,1
50621,1
50622,1
50627,1
50628,1
50630,1
50638,1
50644,1
50645,1
50648,1
50651,1
50658,2
50659,1
50662,3
50669,2
50674,1
50676,1
50677,1
50680,1
50682,1
50701,8
50703,4
50801,2
50830,1
50833,1
50841,1
50849,1
50854,1
50864,1
51001,1
51002,2
51003,1
51005,1
51012,3
51016,1
51023,1
51025,1
51028,1
51031,3
51034,1
51035,1
51039,1
51040,1
51041,1
51046,1
51049,1
51050,1
51054,1
51055,1
51101,3
51103,1
51104,2
51106,7
51108,2
51201,1
51237,1
51241,1
51245,1
51246,1
51247,1
51248,1
51249,2
51250,1
51301,2
51334,3
51342,1
51346,2
51347,1
51351,2
51355,2
51358,1
51360,3
51401,2
51442,2
51445,1
51449,1
51454,1
51461,1
51466,1
51501,3
51503,1
51510,1
51521,1
51529,1
51534,2
51537,2
51555,1
51559,1
51560,2
51566,1
51579,1
51601,1
51632,1
51638,1
51652,1
52001,5
52002,2
52003,1
52031,1
52032,1
52035,1
52038,1
52040,3
52042,1
52043,1
52049,1
52052,1
52057,1
52060,2
52068,2
52076,1
52101,5
52132,1
52135,1
52136,1
52142,1
52144,1
52156,1
52171,1
52172,1
52175,3
52203,1
52205,2
52208,1
52211,1
52213,1
52214,1
52240,3
52241,2
52242,2
52245,1
52246,3
52247,1
52248,1
52255,1
52301,1
52302,3
52310,1
52314,2
52316,1
52317,1
52332,1
52333,1
52339,1
52342,1
52346,2
52349,1
52353,1
52358,2
52361,2
52362,2
52401,4
52402,3
52403,3
52404,3
52405,1
52501,6
52531,1
52537,1
52544,1
52554,1
52556,4
52565,2
52577,4
52591,1
52601,7
52625,1
52627,3
52632,3
52640,1
52641,2
52645,1
52659,1
52722,6
52732,5
52738,1
52742,1
52747,1
52748,2
52753,1
52756,1
52761,2
52772,1
52776,2
52777,1
52801,2
52802,2
52803,2
52804,3
53004,1
53005,2
53010,1
53012,1
53014,2
53018,3
53020,1
53022,2
53024,3
53027,2
53029,2
53032,2
53040,1
53042,1
53044,1
53048,2
53050,2
53051,4
53061,1
53066,6
53072,5
53073,3
53074,1
53076,2
53080,2
53081,1
53083,3
53086,1
53089,2
53092,4
53094,1
53095,3
53097,3
53098,1
53103,1
53104,1
53105,1
53108,1
53110,1
53115,2
53118,1
53119,1
53121,3
53125,3
53126,2
53128,1
53130,1
53132,3
53139,2
53140,2
53143,1
53144,2
53146,2
53147,4
53149,3
53150,2
53151,1
53153,1
53154,2
53156,2
53158,1
53172,2
53177,1
53179,1
53181,1
53184,1
53185,1
53186,1
53188,2
53189,2
53190,4
53202,2
53203,2
53207,1
53208,1
53209,3
53211,3
53214,2
53216,1
53217,1
53221,1
53222,2
53223,3
53224,1
53225,1
53226,3
53227,2
53233,1
53402,3
53403,2
53404,2
53405,1
53406,1
53511,2
53520,1
53523,1
53525,1
53527,1
53530,1
53534,1
53536,1
53538,1
53546,3
53548,4
53549,1
53551,1
53555,1
53558,2
53560,1
53561,1
53562,2
53563,3
53565,2
53566,2
53572,1
53574,1
53575,1
53577,1
53578,1
53581,2
53583,1
53588,2
53589,3
53590,1
53593,3
53597,1
53598,1
53703,3
53704,4
53705,2
53706,2
53711,2
53713,2
53715,2
53716,1
53807,2
53809,1
53811,1
53818,2
53821,3
53901,1
53913,5
53916,4
53925,1
53933,1
53934,1
53949,1
53950,1
53954,1
53959,1
53963,1
53964,2
53965,4
53968,1
54001,1
54005,2
54011,1
54013,1
54015,1
54016,3
54017,1
54020,1
54021,1
54022,4
54023,1
54024,1
54025,3
54101,2
54110,1
54111,1
54114,3
54115,7
54121,1
54126,1
54128,1
54130,4
54135,1
54138,1
54143,2
54151,1
54153,2
54154,1
54155,2
54156,2
54157,2
54165,1
54166,3
54169,1
54174,1
54202,1
54208,1
54209,3
54210,1
54216,1
54217,1
54220,5
54228,1
54229,1
54230,1
54234,2
54235,3
54241,2
54246,1
54311,3
54313,3
54401,1
54403,3
54409,2
54424,1
54448,1
54449,2
54451,2
54452,2
54455,1
54456,1
54457,3
54460,1
54467,1
54469,1
54476,2
54481,6
54487,2
54494,4
54495,1
54499,1
54501,2
54512,1
54521,2
54529,1
54534,2
54538,1
54539,1
54540,1
54541,1
54547,1
54548,3
54552,1
54554,2
54555,1
54556,1
54558,1
54560,1
54562,1
54568,2
54601,3
54612,1
54615,2
54622,1
54627,1
54636,1
54650,3
54656,3
54660,1
54665,1
54667,1
54669,3
54701,2
54703,2
54720,2
54724,1
54727,1
54728,2
54729,5
54730,1
54733,1
54736,1
54751,2
54755,1
54758,1
54767,1
54770,1
54773,1
54801,1
54806,3
54810,2
54812,1
54813,1
54814,2
54817,1
54819,1
54821,3
54829,2
54830,3
54837,1
54838,1
54840,1
54843,7
54846,1
54848,1
54849,3
54850,1
54853,1
54864,1
54868,2
54871,1
54872,1
54873,1
54880,3
54889,1
54893,1
54896,1
54902,3
54904,2
54911,3
54914,2
54915,2
54923,2
54929,1
54935,4
54937,2
54941,3
54944,2
54945,1
54947,1
54950,1
54952,1
54956,3
54961,2
54962,1
54963,1
54971,2
54981,3
54982,2
54983,2
54986,1
55008,2
55009,3
55011,2
55014,2
55016,3
55020,1
55021,3
55024,2
55025,3
55033,5
55037,1
55041,1
55042,2
55044,3
55045,1
55051,1
55056,1
55057,1
55060,4
55063,1
55066,2
55068,1
55070,1
55072,1
55076,2
55077,1
55079,1
55080,1
55082,6
55092,1
55101,4
55102,1
55103,2
55104,1
55106,1
55109,2
55110,5
55111,1
55112,2
55113,3
55116,1
55117,1
55118,4
55119,1
55120,1
55121,1
55123,2
55124,3
55125,1
55126,1
55127,1
55128,2
55129,1
55301,1
55302,1
55303,3
55304,2
55305,1
55306,1
55308,1
55309,1
55311,1
55313,2
55314,1
55318,5
55319,2
55320,1
55321,1
55327,2
55328,1
55330,2
55331,2
55332,1
55336,1
55337,1
55340,3
55343,2
55345,1
55346,1
55347,3
55349,1
55350,1
55352,1
55353,1
55354,1
55355,1
55356,1
55358,1
55362,3
55364,3
55369,2
55371,1
55372,5
55374,1
55376,1
55379,3
55386,1
55387,1
55388,1
55391,4
55396,1
55398,1
55401,1
55402,6
55406,1
55413,1
55416,2
55418,2
55422,1
55424,1
55426,2
55427,1
55428,1
55430,1
55431,1
55435,1
55437,2
55439,1
55442,1
55443,2
55446,5
55448,1
55449,1
55604,1
55612,1
55614,1
55616,1
55706,1
55707,1
55718,2
55720,2
55721,1
55723,2
55731,1
55734,1
55741,1
55744,2
55746,2
55748,1
55750,1
55760,1
55775,1
55783,1
55792,2
55803,1
55804,2
55806,1
55807,1
55810,2
55811,3
55901,1
55902,5
55904,3
55909,1
55912,3
55917,1
55921,1
55923,1
55927,1
55935,1
55939,1
55940,1
55943,1
55946,1
55947,1
55949,1
55952,1
55954,1
55955,1
55961,1
55963,1
55964,1
55971,1
55972,1
55976,1
55981,1
55987,3
55992,1
56001,3
56007,1
56009,1
56011,1
56027,1
56029,1
56031,4
56043,1
56048,1
56050,1
56058,1
56062,1
56069,1
56071,2
56072,1
56073,2
56081,1
56085,1
56087,1
56093,1
56097,1
56098,2
56101,1
56125,1
56136,1
56150,1
56158,1
56159,1
56164,1
56171,1
56172,1
56178,1
56187,2
56201,2
56208,1
56209,1
56215,1
56220,1
56229,1
56232,2
56240,1
56241,1
56244,1
56256,1
56258,1
56264,1
56273,1
56277,1
56278,1
56282,1
56283,1
56301,3
56303,1
56307,1
56308,4
56316,1
56320,2
56329,1
56334,2
56343,1
56345,1
56347,1
56352,1
56353,1
56360,1
56362,1
56364,1
56367,2
56377,2
56378,3
56379,1
56386,1
56401,2
56425,1
56442,1
56444,2
56446,1
56447,1
56448,1
56450,1
56464,1
56468,3
56470,3
56472,6
56474,1
56482,1
56484,3
56501,2
56510,1
56511,1
56514,1
56515,1
56520,1
56523,1
56531,1
56535,1
56537,1
56542,1
56544,2
56547,1
56549,1
56551,1
56557,1
56560,4
56572,3
56573,1
56601,3
56621,1
56623,1
56628,1
56633,1
56636,1
56647,1
56655,2
56701,2
56716,1
56721,2
56726,1
56728,1
56735,1
56750,1
56751,1
56757,1
56762,1
56763,1
57001,1
57004,1
57005,1
57006,3
57013,1
57017,1
57022,1
57024,1
57025,1
57028,2
57029,2
57032,1
57033,1
57037,1
57042,1
57049,2
57053,1
57059,1
57062,1
57066,1
57069,2
57071,2
57078,4
57103,1
57104,2
57105,4
57106,1
57108,1
57110,2
57201,5
57212,1
57225,1
57226,1
57231,1
57238,1
57252,1
57262,2
57276,1
57301,6
57331,1
57350,1
57356,1
57362,1
57366,1
57368,1
57369,1
57382,1
57401,4
57430,1
57437,2
57438,1
57440,1
57445,1
57501,6
57520,1
57523,1
57533,1
57555,1
57567,1
57569,1
57580,1
57601,1
57701,9
57702,5
57703,1
57706,1
57717,1
57730,1
57732,8
57735,1
57745,1
57747,1
57754,1
57760,1
57769,1
57783,1
57785,1
58027,1
58032,1
58045,1
58046,1
58047,1
58052,1
58053,1
58054,1
58059,1
58072,2
58075,1
58102,4
58103,3
58104,1
58201,3
58205,1
58225,1
58237,1
58249,1
58251,1
58256,1
58257,1
58267,1
58270,1
58282,1
58301,1
58318,2
58324,1
58329,1
58341,1
58356,1
58368,1
58369,1
58401,3
58413,1
58425,1
58433,1
58436,1
58438,1
58442,1
58458,2
58474,1
58495,1
58501,2
58503,1
58504,2
58523,1
58530,1
58540,1
58545,1
58552,1
58554,2
58561,1
58576,1
58579,1
58601,1
58623,1
58631,1
58639,1
58646,1
58701,4
58703,1
58705,1
58721,1
58722,1
58730,1
58746,1
58761,1
58763,1
58770,1
58784,1
58793,1
58801,2
58849,2
58852,1
58854,1
59019,1
59034,1
59037,1
59044,1
59047,3
59068,1
59072,1
59085,1
59101,3
59102,3
59105,1
59106,1
59201,1
59230,1
59254,1
59263,1
59270,2
59301,1
59313,1
59317,1
59330,1
59401,3
59404,1
59422,1
59425,1
59427,1
59442,1
59457,3
59474,2
59501,2
59522,1
59523,1
59538,1
59601,2
59602,2
59645,1
59701,4
59711,4
59715,4
59718,1
59722,2
59725,3
59729,1
59730,1
59752,1
59801,2
59803,2
59804,2
59834,1
59840,3
59860,1
59864,1
59866,1
59868,1
59870,1
59872,2
59873,1
59901,4
59911,2
59912,1
59916,1
59923,1
59937,3
60002,1
60004,3
60005,2
60007,2
60010,9
60012,1
60013,2
60014,4
60015,3
60016,2
60018,3
60020,1
60022,3
60025,3
60026,3
60029,1
60030,2
60031,2
60033,2
60035,7
60043,2
60044,2
60045,4
60046,1
60047,7
60048,4
60050,2
60051,3
60053,2
60056,3
60060,7
60061,2
60062,5
60064,2
60067,2
60068,2
60069,1
60070,1
60071,1
60073,2
60074,1
60076,1
60077,1
60082,1
60083,1
60084,2
60087,4
60089,3
60091,2
60093,4
60098,4
60099,6
60101,3
60102,3
60103,3
60106,2
60107,1
60108,2
60110,1
60115,7
60118,3
60119,2
60120,2
60123,4
60126,3
60134,4
60135,1
60137,4
60139,1
60142,2
60143,3
60148,3
60152,2
60156,2
60157,1
60162,1
60171,1
60173,1
60174,5
60175,1
60178,1
60180,2
60181,2
60185,7
60187,9
60190,3
60191,3
60193,1
60194,3
60195,3
60201,9
60208,1
60302,2
60304,1
60401,2
60406,2
60409,1
60410,1
60411,4
60417,5
60419,1
60420,1
60422,1
60423,3
60425,1
60429,1
60430,3
60432,3
60433,1
60436,2
60438,1
60439,4
60440,1
60441,5
60445,1
60448,1
60449,1
60450,2
60451,1
60453,1
60460,1
60461,1
60462,3
60463,1
60465,2
60466,3
60471,1
60477,4
60481,2
60482,1
60490,3
60491,3
60504,2
60505,2
60506,8
60510,2
60511,1
60512,1
60513,2
60514,1
60515,4
60517,3
60518,1
60521,4
60523,5
60525,4
60532,2
60540,2
60542,1
60543,1
60544,3
60545,1
60546,1
60548,2
60550,1
60554,1
60558,1
60559,4
60561,1
60563,2
60564,3
60601,8
60602,6
60603,7
60604,4
60605,5
60606,2
60607,4
60608,1
60609,1
60610,8
60611,5
60612,1
60613,1
60614,5
60615,2
60616,5
60617,1
60622,3
60624,1
60626,1
60628,1
60629,2
60633,1
60634,1
60636,1
60637,4
60640,2
60644,1
60645,1
60646,2
60649,2
60654,1
60655,1
60660,1
60706,1
60707,1
60712,1
60714,1
60805,2
60827,1
60901,3
60914,1
60915,1
60935,1
60936,1
60942,1
60948,1
60950,1
60954,2
60955,1
60957,1
60964,3
60970,1
61001,1
61008,4
61010,1
61012,1
61021,3
61025,2
61028,1
61032,6
61036,5
61041,1
61046,1
61048,2
61053,1
61054,1
61061,2
61064,1
61068,1
61071,1
61072,3
61073,1
61074,1
61081,3
61085,1
61101,1
61102,1
61103,4
61107,5
61108,2
61109,1
61111,1
61114,1
61201,8
61231,3
61238,1
61240,1
61241,1
61243,1
61244,6
61250,1
61252,1
61254,3
61264,2
61265,1
61270,2
61273,2
61275,1
61277,1
61285,1
61301,1
61330,1
61335,1
61341,1
61348,1
61350,2
61353,1
61354,1
61356,2
61361,1
61362,1
61364,2
61368,1
61369,1
61373,1
61401,4
61418,1
61420,1
61422,1
61427,1
61428,1
61434,2
61443,2
61448,2
61449,1
61455,4
61462,3
61472,1
61520,1
61523,1
61525,1
61529,1
61530,1
61540,1
61547,1
61548,1
61554,5
61570,1
61571,3
61602,1
61603,4
61604,3
61606,1
61611,1
61614,4
61615,3
61616,1
61701,7
61704,5
61724,1
61727,2
61738,1
61739,1
61748,1
61752,1
61759,1
61761,3
61764,1
61770,1
61771,1
61790,1
61801,4
61802,1
61813,1
61817,1
61820,2
61821,2
61822,1
61832,5
61834,1
61842,1
61853,2
61856,3
61866,2
61874,4
61910,1
61920,5
61943,1
61944,3
61951,1
61953,1
61956,1
62002,7
62010,1
62014,1
62018,1
62024,1
62025,8
62028,2
62032,1
62035,1
62040,2
62049,1
62052,3
62053,1
62056,1
62060,1
62062,1
62080,1
62088,1
62201,3
62205,1
62206,2
62208,1
62220,4
62221,1
62223,2
62225,1
62226,1
62230,1
62231,3
62232,1
62233,1
62234,2
62236,3
62241,1
62246,1
62249,1
62254,1
62257,1
62260,2
62263,1
62269,1
62271,1
62272,1
62278,1
62286,5
62298,4
62301,7
62305,2
62312,1
62320,1
62321,2
62341,1
62353,1
62354,3
62363,1
62401,2
62420,1
62439,1
62441,2
62448,2
62450,2
62454,3
62458,1
62465,1
62467,1
62469,1
62471,3
62521,5
62522,3
62526,3
62534,1
62535,2
62550,1
62553,1
62557,3
62560,1
62565,1
62568,2
62615,1
62617,1
62626,1
62640,1
62650,3
62656,2
62664,1
62674,1
62675,2
62681,2
62691,1
62694,1
62701,6
62702,3
62703,3
62704,4
62707,3
62711,3
62712,4
62801,5
62812,1
62821,2
62832,1
62837,1
62853,1
62859,1
62863,1
62864,4
62881,1
62882,1
62896,3
62897,2
62901,1
62906,1
62914,1
62918,1
62919,1
62930,1
62933,1
62946,1
62951,1
62958,1
62959,4
62960,4
62964,1
62966,1
62984,1
62995,1
63005,2
63010,1
63011,4
63017,3
63020,2
63025,6
63026,2
63028,1
63031,2
63033,2
63038,1
63039,1
63040,1
63043,1
63044,1
63048,1
63049,2
63050,2
63051,2
63069,1
63070,1
63074,1
63077,1
63080,2
63084,1
63090,3
63101,1
63102,4
63103,2
63105,3
63110,2
63112,4
63114,1
63118,1
63121,2
63122,5
63123,1
63124,4
63125,1
63126,1
63127,4
63128,1
63129,1
63130,3
63131,1
63132,2
63135,1
63137,1
63138,2
63141,3
63301,3
63303,1
63304,3
63332,1
63339,1
63341,1
63343,1
63348,1
63353,1
63361,2
63366,3
63367,3
63376,2
63379,2
63383,2
63385,2
63390,1
63401,2
63440,1
63448,1
63456,1
63461,1
63468,1
63501,2
63537,1
63548,1
63549,1
63552,1
63555,1
63556,1
63565,1
63628,2
63640,2
63645,1
63650,1
63664,1
63670,4
63701,7
63739,1
63755,2
63775,1
63801,3
63825,1
63830,1
63834,2
63841,1
63857,3
63863,1
63869,2
63901,3
63935,1
63954,1
63957,1
64012,2
64014,2
64016,1
64020,1
64024,1
64029,1
64030,2
64037,2
64040,2
64050,8
64052,1
64057,1
64060,3
64064,3
64067,1
64068,5
64070,1
64075,1
64079,1
64080,3
64082,1
64085,1
64089,1
64093,5
64098,1
64102,3
64106,3
64108,2
64110,2
64111,3
64114,2
64119,1
64129,1
64131,1
64132,4
64133,2
64134,1
64137,1
64138,1
64145,1
64147,1
64152,1
64154,1
64156,1
64157,2
64424,2
64429,1
64468,4
64469,1
64470,1
64477,1
64482,1
64485,2
64489,1
64491,1
64501,1
64503,4
64505,1
64506,2
64601,4
64628,1
64633,1
64640,1
64651,1
64658,1
64679,1
64683,1
64701,1
64725,1
64730,1
64735,4
64744,1
64759,2
64772,2
64801,6
64804,3
64834,1
64836,2
64850,2
64854,1
64862,1
64870,1
65018,2
65026,1
65037,1
65039,1
65041,3
65043,1
65049,1
65051,1
65063,1
65065,2
65066,1
65081,1
65084,1
65101,4
65109,1
65201,5
65202,2
65203,2
65233,1
65239,1
65240,1
65243,1
65248,3
65251,3
65261,1
65265,4
65270,4
65275,2
65281,1
65282,1
65301,5
65305,1
65340,2
65355,1
65401,3
65409,1
65453,1
65456,1
65473,1
65483,1
65536,2
65548,1
65556,1
65559,2
65560,1
65566,1
65613,2
65616,5
65624,1
65625,1
65631,1
65653,1
65672,1
65686,1
65706,1
65708,2
65711,2
65712,2
65714,1
65721,1
65722,1
65737,1
65738,2
65739,3
65747,2
65775,3
65779,1
65781,1
65783,1
65785,2
65787,1
65791,1
65793,1
65802,3
65803,3
65804,1
65806,3
65807,1
65809,1
65810,2
66002,4
66006,1
66007,1
66012,2
66018,1
66021,1
66025,1
66027,2
66030,1
66032,2
66043,1
66044,2
66047,2
66048,2
66049,3
66050,1
66053,1
66056,1
66061,3
66062,2
66064,1
66067,4
66070,1
66071,1
66083,1
66101,1
66102,1
66109,1
66111,1
66112,1
66160,1
66203,1
66204,1
66205,2
66207,1
66208,1
66209,2
66210,1
66211,1
66212,1
66213,2
66217,3
66220,2
66221,1
66224,1
66226,1
66227,1
66434,1
66436,1
66439,1
66441,1
66442,1
66451,1
66502,7
66508,1
66512,1
66514,1
66523,1
66524,1
66534,1
66536,1
66538,1
66543,1
66547,1
66605,1
66606,1
66609,1
66610,2
66611,1
66614,2
66615,1
66619,1
66701,2
66713,1
66720,3
66725,1
66733,1
66736,3
66743,2
66749,5
66757,1
66762,4
66783,2
66801,5
66839,3
66846,1
66861,1
66901,1
66935,1
66968,2
67002,4
67003,1
67005,2
67010,2
67022,1
67025,1
67026,1
67037,1
67039,1
67042,4
67045,2
67056,2
67058,1
67062,1
67063,2
67068,2
67104,2
67106,1
67114,2
67117,2
67124,3
67152,1
67156,4
67202,5
67203,4
67205,1
67206,2
67208,2
67209,2
67214,1
67216,2
67218,1
67219,1
67221,2
67226,2
67230,1
67235,1
67260,2
67301,2
67333,1
67335,1
67337,2
67356,2
67357,2
67361,1
67401,5
67410,6
67420,1
67431,1
67432,2
67439,3
67444,1
67449,2
67455,1
67456,2
67460,3
67473,1
67487,1
67501,3
67502,2
67505,1
67520,1
67525,1
67526,1
67530,2
67546,1
67547,1
67548,1
67550,1
67554,2
67576,1
67601,2
67637,3
67638,1
67642,1
67654,1
67661,1
67663,1
67665,2
67672,1
67701,3
67730,1
67731,1
67735,1
67738,1
67748,2
67749,1
67756,1
67758,1
67801,3
67831,1
67839,1
67846,3
67854,1
67855,1
67860,1
67861,1
67864,2
67869,1
67871,1
67880,1
67901,3
67950,1
67951,2
68003,4
68004,1
68005,3
68008,1
68010,1
68018,1
68022,3
68025,3
68028,1
68031,2
68045,1
68046,2
68047,1
68048,4
68061,2
68064,2
68066,2
68102,7
68104,4
68105,1
68106,4
68107,4
68108,1
68110,1
68111,2
68113,1
68117,1
68118,1
68123,3
68124,2
68127,2
68128,1
68130,1
68133,1
68134,1
68136,1
68137,1
68142,1
68144,2
68152,1
68154,1
68164,3
68182,1
68305,1
68310,4
68321,1
68333,3
68347,1
68352,1
68355,1
68359,1
68361,1
68366,1
68370,1
68376,1
68405,1
68407,2
68410,5
68420,1
68434,3
68446,2
68450,1
68453,1
68463,1
68465,1
68467,2
68502,5
68504,2
68506,3
68507,2
68508,5
68512,3
68516,2
68520,3
68521,1
68522,2
68523,1
68526,2
68588,3
68601,3
68620,1
68629,1
68632,1
68638,1
68642,1
68651,2
68661,1
68701,5
68714,1
68715,1
68716,1
68726,1
68730,1
68731,1
68739,1
68745,1
68748,1
68756,3
68760,1
68763,1
68767,1
68769,1
68771,1
68776,2
68779,1
68784,1
68787,2
68801,5
68803,1
68818,2
68822,2
68823,1
68824,1
68826,1
68840,1
68845,2
68847,6
68849,2
68850,2
68853,1
68854,1
68862,1
68866,1
68869,1
68873,2
68883,1
68901,4
68920,1
68922,2
68929,1
68933,1
68937,1
68949,2
68959,3
68970,4
68978,1
69001,3
69021,1
69022,2
69023,1
69025,1
69027,1
69101,5
69129,1
69130,1
69138,3
69140,2
69145,1
69152,2
69153,2
69154,2
69162,2
69201,2
69214,1
69301,2
69334,1
69336,1
69337,3
69339,1
69341,1
69343,1
69345,1
69346,1
69350,1
69357,1
69358,1
69360,1
69361,4
70005,1
70037,2
70040,1
70047,1
70056,2
70057,1
70065,3
70068,2
70070,1
70079,1
70094,1
70112,1
70113,1
70114,1
70118,3
70123,1
70124,1
70126,1
70128,1
70130,7
70131,2
70148,1
70301,1
70342,1
70345,1
70346,1
70360,2
70364,1
70390,1
70394,1
70401,1
70403,1
70420,2
70427,1
70433,2
70438,3
70456,1
70458,3
70460,1
70462,1
70471,1
70501,4
70506,1
70507,5
70508,2
70510,1
70516,1
70518,1
70526,1
70535,1
70538,1
70546,2
70560,5
70563,1
70570,2
70582,1
70586,2
70592,1
70601,3
70605,2
70607,1
70615,2
70634,1
70648,1
70655,1
70663,2
70665,1
70714,2
70719,1
70726,1
70730,2
70737,2
70748,1
70764,1
70767,2
70783,1
70791,3
70805,1
70806,1
70807,3
70808,2
70809,1
70810,3
70815,2
70817,1
70820,1
71001,1
71006,2
71033,1
71037,1
71038,1
71040,1
71047,1
71052,1
71055,1
71071,1
71082,1
71101,2
71104,1
71105,2
71106,2
71107,1
71109,2
71110,1
71111,2
71129,1
71201,3
71202,1
71203,2
71220,3
71222,1
71225,1
71235,1
71241,1
71251,1
71254,1
71270,3
71282,1
71291,2
71295,1
71301,2
71303,2
71322,1
71334,1
71350,1
71351,2
71357,1
71360,2
71371,1
71429,1
71435,1
71446,1
71449,1
71457,2
71459,1
71483,2
71601,2
71603,2
71635,1
71654,1
71655,2
71662,2
71701,1
71730,2
71742,1
71753,1
71801,2
71822,2
71832,1
71852,1
71854,5
71857,1
71901,7
71909,4
71913,1
71923,1
71929,2
71943,1
71953,1
72010,1
72015,2
72021,1
72023,3
72031,1
72034,3
72058,1
72064,1
72070,1
72076,2
72088,3
72103,1
72104,1
72106,2
72110,1
72112,2
72113,2
72117,1
72118,1
72120,3
72143,2
72150,1
72160,1
72201,6
72202,2
72204,3
72205,1
72207,1
72212,1
72223,1
72301,1
72315,4
72335,1
72342,1
72355,1
72360,2
72364,1
72365,1
72370,1
72396,1
72401,3
72404,3
72417,1
72422,1
72442,1
72450,2
72454,1
72455,1
72472,1
72476,1
72501,2
72512,2
72543,3
72601,2
72616,1
72619,1
72631,1
72632,1
72644,1
72650,1
72653,2
72701,2
72703,1
72704,1
72712,1
72714,3
72718,2
72730,1
72740,1
72745,1
72756,3
72758,1
72761,3
72762,1
72764,2
72830,1
72833,1
72834,1
72837,1
72855,1
72901,2
72903,1
72904,3
72905,1
72908,1
72916,2
72921,2
72927,1
72936,1
72943,1
72951,1
72956,1
72958,1
73003,3
73005,4
73013,1
73018,2
73020,1
73034,2
73036,2
73038,1
73044,5
73052,1
73069,1
73072,2
73075,1
73077,1
73080,1
73086,2
73096,2
73099,2
73102,1
73103,1
73105,1
73107,2
73110,2
73111,6
73114,2
73116,1
73118,1
73120,2
73121,1
73129,1
73132,1
73145,1
73159,1
73160,3
73170,1
73401,4
73430,1
73438,2
73439,1
73460,1
73501,1
73503,2
73505,2
73521,1
73523,2
73527,1
73529,1
73533,2
73542,1
73554,2
73572,1
73601,2
73624,1
73644,1
73651,1
73655,1
73662,1
73701,1
73703,3
73717,3
73742,1
73750,2
73755,1
73759,1
73763,1
73772,2
73801,3
73855,1
73858,1
73933,1
73938,1
73942,1
74003,3
74006,2
74008,2
74010,1
74011,2
74012,2
74014,3
74015,1
74019,2
74020,1
74023,2
74029,1
74037,1
74048,2
74055,2
74056,1
74058,2
74059,1
74063,1
74066,3
74070,1
74074,2
74075,2
74079,1
74085,1
74103,2
74104,1
74114,1
74115,2
74127,2
74131,1
74132,1
74133,1
74135,1
74136,1
74171,1
74301,1
74330,1
74331,1
74344,1
74354,2
74361,1
74401,3
74403,3
74425,1
74426,1
74429,1
74437,1
74441,1
74447,1
74454,1
74462,1
74464,4
74467,1
74501,2
74578,1
74604,3
74631,2
74637,1
74701,1
74724,1
74743,2
74745,1
74801,3
74804,2
74820,2
74834,2
74859,1
74868,1
74884,1
74948,1
74953,2
74955,1
74962,1
74964,1
75002,1
75006,1
75007,1
75010,1
75013,2
75019,1
75020,2
75021,1
75022,1
75024,1
75025,3
75028,1
75032,1
75034,3
75035,1
75038,1
75039,1
75043,2
75044,3
75050,4
75052,4
75056,3
75057,1
75060,1
75062,1
75063,1
75069,5
75070,8
75074,2
75076,1
75080,3
75082,1
75087,2
75089,1
75093,2
75098,1
75103,1
75104,1
75110,4
75114,1
75115,1
75119,2
75143,3
75146,1
75148,1
75150,2
75154,1
75156,1
75160,3
75165,3
75182,1
75189,1
75201,5
75202,1
75203,1
75204,1
75205,1
75207,1
75208,1
75210,3
75214,1
75216,2
75218,1
75220,1
75223,1
75228,2
75229,2
75231,2
75232,1
75234,1
75235,1
75240,1
75246,1
75248,2
75252,1
75402,3
75409,1
75418,1
75426,1
75428,2
75432,1
75455,1
75462,3
75474,1
75480,1
75482,1
75496,1
75501,1
75503,1
75551,1
75567,1
75601,1
75602,1
75603,2
75604,1
75605,3
75633,1
75638,1
75645,1
75647,2
75652,2
75657,1
75662,1
75672,2
75686,1
75692,1
75702,4
75703,2
75709,2
75750,1
75751,1
75755,2
75757,1
75766,1
75771,2
75773,1
75778,1
75783,1
75785,1
75789,1
75803,1
75835,1
75839,1
75840,1
75860,1
75862,2
75901,1
75904,3
75931,1
75941,1
75951,1
75964,1
75979,2
76001,1
76006,2
76008,1
76010,2
76011,2
76012,1
76013,2
76019,2
76020,1
76028,2
76031,1
76033,2
76039,1
76040,2
76043,2
76048,1
76049,7
76051,5
76052,2
76058,1
76063,2
76065,1
76067,1
76077,1
76086,1
76087,5
76092,1
76102,5
76104,1
76106,2
76107,6
76109,3
76112,2
76114,3
76116,3
76117,1
76119,2
76120,1
76126,4
76132,1
76135,1
76137,1
76140,1
76179,1
76180,1
76205,1
76209,1
76210,2
76226,2
76230,1
76234,1
76240,5
76247,1
76248,1
76252,1
76255,1
76262,3
76265,1
76301,1
76302,2
76305,1
76306,1
76308,1
76311,1
76351,1
76360,1
76365,1
76374,1
76380,1
76384,1
76401,3
76424,3
76426,2
76430,2
76437,1
76442,1
76448,2
76449,1
76450,1
76457,1
76458,1
76471,1
76501,1
76502,1
76504,3
76513,3
76520,2
76522,1
76528,1
76531,1
76543,1
76544,2
76548,2
76550,1
76557,1
76571,1
76574,1
76638,1
76645,1
76657,1
76661,1
76664,1
76667,1
76692,2
76701,2
76705,1
76706,5
76707,1
76708,4
76710,1
76711,1
76712,2
76801,2
76821,1
76825,1
76844,1
76849,1
76856,1
76859,1
76877,1
76903,4
76904,2
76905,1
76932,1
76933,1
76943,1
76945,1
76950,2
77002,5
77006,4
77007,2
77011,1
77013,1
77017,1
77019,2
77030,3
77031,1
77032,1
77034,1
77036,2
77037,1
77040,1
77045,1
77047,1
77049,1
77057,1
77059,2
77062,1
77066,1
77068,1
77069,1
77070,3
77073,1
77074,1
77077,1
77078,1
77080,1
77082,1
77083,1
77084,2
77088,1
77095,2
77302,1
77304,4
77316,1
77320,1
77331,1
77336,1
77338,1
77339,4
77340,3
77345,1
77346,2
77351,2
77356,4
77364,2
77365,2
77373,1
77375,2
77378,1
77379,3
77380,3
77381,1
77382,1
77389,3
77396,2
77414,2
77418,1
77420,1
77429,2
77433,1
77434,1
77437,2
77441,2
77445,1
77447,2
77450,2
77456,1
77459,2
77465,1
77469,5
77474,2
77478,3
77479,2
77484,3
77486,2
77488,3
77489,1
77493,1
77494,3
77507,3
77511,2
77514,1
77520,1
77521,1
77532,2
77536,2
77539,5
77541,1
77546,1
77550,1
77554,4
77566,1
77568,1
77571,2
77573,5
77575,1
77581,1
77583,1
77584,2
77586,1
77590,1
77591,2
77619,1
77630,2
77642,2
77656,1
77659,1
77662,1
77664,1
77701,5
77703,1
77705,4
77707,1
77708,1
77713,1
77801,1
77802,2
77833,1
77836,1
77837,1
77840,3
77845,2
77859,1
77864,1
77868,2
77871,1
77901,5
77904,2
77954,1
77957,2
77962,1
77963,1
77964,1
77979,1
77984,1
77995,1
78003,2
78006,1
78009,1
78015,2
78016,1
78023,2
78028,5
78041,1
78045,1
78064,1
78070,1
78071,1
78076,1
78102,2
78108,1
78130,7
78133,1
78148,1
78150,1
78151,1
78155,4
78164,1
78205,7
78209,2
78210,3
78212,2
78214,1
78215,1
78216,6
78217,1
78219,2
78221,2
78223,1
78229,1
78234,1
78235,1
78236,2
78239,1
78240,1
78244,1
78245,1
78251,1
78255,1
78256,2
78257,1
78258,2
78332,2
78355,1
78363,1
78374,2
78377,1
78382,2
78387,1
78393,1
78401,5
78405,1
78410,1
78412,2
78413,1
78414,1
78418,1
78419,1
78503,2
78516,1
78520,4
78526,1
78539,2
78541,1
78550,4
78552,2
78570,1
78572,5
78575,1
78577,3
78578,2
78580,1
78586,1
78596,4
78597,1
78602,2
78610,1
78611,3
78617,1
78624,1
78626,1
78628,5
78629,1
78639,1
78641,1
78643,1
78644,1
78645,4
78648,1
78654,3
78657,1
78660,1
78664,2
78666,2
78669,4
78676,2
78701,3
78702,1
78703,1
78704,2
78705,2
78717,1
78723,1
78724,2
78730,1
78734,2
78735,3
78738,2
78739,2
78741,1
78744,2
78746,3
78747,1
78750,2
78751,2
78759,1
78801,2
78832,1
78834,1
78840,1
78843,1
78852,1
78861,1
78934,1
78942,1
78945,1
78950,1
78962,1
79005,1
79007,2
79014,1
79015,1
79016,1
79022,1
79027,1
79029,2
79036,1
79041,1
79044,1
79045,1
79057,2
79064,1
79065,3
79068,1
79070,2
79072,2
79079,1
79081,1
79084,1
79088,2
79095,1
79101,1
79103,1
79104,1
79106,2
79107,1
79108,1
79119,1
79124,2
79201,1
79226,1
79245,1
79252,1
79256,1
79311,1
79322,1
79323,1
79325,1
79329,1
79331,3
79336,2
79339,1
79343,1
79347,1
79356,1
79359,1
79370,1
79373,1
79403,2
79407,1
79413,1
79415,2
79416,2
79423,1
79424,1
79502,1
79504,1
79512,2
79520,1
79521,1
79525,1
79536,1
79549,4
79553,1
79556,2
79601,1
79602,5
79606,1
79607,1
79701,1
79705,2
79707,3
79714,2
79720,2
79731,1
79735,2
79755,1
79756,1
79762,1
79764,1
79765,4
79772,1
79782,2
79821,1
79830,1
79855,1
79901,2
79902,1
79904,1
79912,1
79915,1
79922,1
79925,2
79928,1
79934,2
79935,1
79938,1
80003,1
80004,1
80005,2
80007,1
80010,2
80011,2
80012,2
80014,4
80016,4
80018,1
80020,4
80021,2
80022,1
80026,2
80027,1
80031,2
80033,1
80102,1
80104,1
80107,1
80108,4
80109,1
80110,1
80111,1
80112,4
80113,2
80118,2
80121,1
80122,2
80123,3
80124,1
80125,1
80127,2
80129,1
80130,1
80132,1
80133,1
80134,1
80135,1
80138,2
80202,5
80203,4
80204,3
80205,4
80207,1
80208,1
80209,1
80210,2
80212,1
80214,1
80223,1
80224,1
80226,3
80227,3
80228,1
80231,1
80234,1
80235,2
80237,1
80238,1
80241,1
80247,1
80249,1
80260,1
80301,4
80302,1
80303,2
80304,1
80401,7
80403,1
80424,1
80435,3
80439,2
80446,2
80447,1
80461,6
80465,1
80487,3
80498,1
80501,3
80503,3
80516,1
80517,3
80521,1
80524,4
80525,2
80528,1
80537,1
80538,3
80540,1
80543,2
80545,1
80550,1
80601,2
80602,2
80603,1
80615,1
80621,1
80631,2
80634,3
80651,2
80701,5
80720,1
80723,2
80728,1
80734,2
80737,1
80751,2
80758,1
80759,1
80807,1
80815,1
80828,1
80829,1
80831,1
80836,1
80840,3
80863,3
80903,3
80904,5
80906,5
80907,2
80910,2
80913,1
80915,2
80916,1
80919,1
80920,2
80921,1
80922,1
80925,1
80926,1
81001,2
81003,2
81004,1
81005,2
81007,1
81008,1
81019,1
81039,1
81050,1
81052,2
81054,1
81055,1
81067,2
81082,3
81089,2
81101,2
81102,1
81143,1
81144,1
81146,2
81147,2
81201,1
81211,1
81212,1
81224,1
81226,1
81230,1
81252,2
81301,7
81321,1
81323,1
81401,3
81413,1
81416,3
81432,1
81435,2
81501,5
81503,3
81506,1
81521,1
81601,3
81611,3
81615,1
81621,1
81623,4
81625,3
81631,3
81635,2
81637,1
81641,1
81648,1
81650,2
81657,6
82001,3
82009,1
82070,1
82072,1
82201,1
82212,1
82225,1
82240,1
82331,2
82334,1
82401,1
82410,2
82414,1
82435,2
82443,1
82501,2
82513,1
82601,1
82604,1
82633,1
82701,1
82718,2
82720,1
82721,1
82729,1
82730,2
82801,3
82834,1
82901,1
82930,2
82935,1
82941,1
83001,2
83014,1
83201,1
83204,2
83210,1
83211,1
83221,1
83246,1
83251,1
83254,1
83263,2
83276,1
83301,2
83316,1
83318,3
83330,2
83333,2
83334,1
83338,2
83340,2
83341,1
83342,1
83350,1
83401,2
83404,2
83420,1
83440,2
83442,1
83443,2
83467,1
83501,3
83522,1
83530,1
83539,1
83544,2
83605,1
83607,1
83611,1
83612,2
83616,1
83617,1
83622,1
83623,1
83634,1
83638,1
83642,3
83647,1
83648,1
83654,1
83661,2
83672,1
83676,1
83687,3
83702,1
83703,2
83704,2
83705,2
83709,2
83712,1
83714,1
83716,1
83804,1
83805,1
83814,2
83815,1
83835,2
83837,2
83843,2
83846,1
83850,1
83854,2
83856,1
83858,1
83861,1
83864,5
84003,2
84010,1
84020,1
84022,1
84025,2
84028,1
84037,1
84040,2
84041,1
84043,5
84044,1
84049,2
84050,1
84054,3
84056,1
84058,1
84060,2
84065,1
84066,1
84067,1
84074,2
84075,1
84078,1
84087,1
84088,1
84092,1
84093,1
84094,1
84095,2
84097,1
84098,1
84101,2
84103,1
84104,2
84105,1
84106,2
84107,1
84108,2
84109,1
84112,2
84116,2
84117,1
84118,1
84120,1
84121,1
84123,3
84302,3
84310,2
84321,2
84322,1
84335,1
84401,1
84403,2
84404,1
84405,2
84414,2
84523,1
84525,1
84526,1
84532,1
84535,1
84604,3
84606,2
84624,3
84631,1
84642,1
84648,1
84651,1
84660,1
84663,1
84701,1
84713,1
84720,1
84737,1
84741,1
84755,1
84770,5
84780,2
84790,3
85003,1
85004,2
85007,2
85008,2
85013,1
85014,1
85016,1
85018,1
85020,2
85021,1
85023,2
85028,1
85029,1
85032,1
85033,1
85037,1
85042,3
85044,3
85045,1
85048,1
85050,1
85054,1
85201,4
85202,1
85203,1
85205,2
85206,2
85207,2
85208,4
85210,1
85212,4
85213,1
85215,4
85218,4
85220,2
85222,3
85225,2
85226,2
85228,1
85231,2
85232,1
85233,1
85236,1
85237,1
85242,3
85247,2
85248,6
85249,3
85250,1
85251,5
85253,3
85254,3
85255,8
85256,5
85257,1
85258,2
85259,1
85260,1
85262,9
85263,2
85264,1
85268,3
85281,4
85282,1
85283,2
85292,1
85296,2
85297,2
85301,1
85302,1
85305,1
85308,4
85310,1
85321,2
85323,1
85326,1
85331,3
85335,1
85338,4
85339,2
85340,3
85344,2
85345,1
85350,2
85351,8
85356,1
85364,2
85365,5
85367,3
85373,3
85374,6
85375,9
85382,2
85383,1
85390,2
85539,1
85541,3
85552,1
85602,2
85603,1
85607,1
85614,8
85621,2
85625,1
85631,1
85634,1
85638,1
85640,1
85641,1
85643,2
85648,1
85650,1
85653,3
85704,1
85707,1
85710,1
85713,1
85715,2
85716,2
85718,2
85719,1
85721,1
85730,1
85735,2
85737,5
85739,3
85742,2
85743,2
85745,3
85749,2
85750,2
85901,2
85920,1
85924,1
85928,1
85935,4
85937,1
86001,4
86004,2
86025,1
86040,1
86046,1
86301,2
86303,2
86321,1
86325,1
86326,1
86327,2
86335,1
86336,3
86351,3
86401,4
86403,2
86406,1
86426,1
86429,1
86432,2
86440,1
86442,2
87002,1
87004,3
87014,1
87020,1
87041,1
87047,1
87068,2
87102,2
87104,2
87106,6
87107,1
87108,1
87109,1
87110,1
87111,1
87114,1
87117,1
87120,2
87123,3
87124,1
87131,2
87301,1
87401,3
87402,2
87410,2
87417,1
87501,5
87505,4
87506,3
87507,1
87544,3
87557,1
87571,4
87701,2
87714,1
87740,2
87742,1
87801,2
87901,2
88001,2
88002,1
88007,1
88008,1
88011,4
88021,2
88030,1
88061,1
88101,3
88119,2
88130,1
88201,4
88210,2
88220,4
88231,1
88240,3
88252,1
88260,1
88301,1
88310,1
88317,4
88330,1
88339,1
88340,1
88345,5
88401,1
88415,1
88416,1
88418,1
89005,3
89011,3
89012,2
89014,2
89015,3
89019,1
89027,4
89029,7
89030,1
89031,1
89045,1
89048,2
89052,4
89061,1
89074,1
89081,2
89084,1
89101,5
89103,2
89106,1
89107,1
89108,1
89109,6
89113,1
89115,1
89117,1
89119,4
89122,1
89124,2
89130,2
89131,1
89134,4
89135,3
89142,1
89144,1
89145,2
89148,1
89149,1
89156,1
89301,1
89403,2
89406,1
89408,1
89413,5
89415,1
89423,4
89431,3
89434,2
89436,1
89445,2
89447,1
89451,3
89460,1
89501,1
89502,4
89503,1
89506,1
89509,2
89511,3
89523,1
89701,1
89703,1
89704,1
89706,3
89801,1
89815,1
89820,1
89825,1
89835,2
90004,1
90012,1
90015,1
90019,1
90021,1
90024,1
90027,3
90039,1
90045,1
90047,2
90049,2
90064,2
90067,1
90077,1
90201,1
90221,1
90241,1
90242,1
90245,1
90260,1
90265,1
90266,1
90272,1
90274,2
90275,2
90280,1
90291,1
90501,2
90505,2
90604,2
90605,2
90620,1
90621,2
90631,3
90638,1
90640,1
90650,1
90660,1
90703,1
90704,1
90712,1
90720,3
90732,1
90740,2
90744,1
90745,1
90746,1
90802,2
90803,1
90804,1
90807,1
90808,2
90814,1
90815,1
91001,1
91006,2
91007,1
91010,1
91011,1
91030,1
91040,1
91042,1
91103,1
91105,1
91107,1
91206,2
91208,1
91301,1
91302,1
91321,1
91326,1
91331,1
91342,2
91343,1
91344,1
91355,2
91356,2
91360,1
91361,3
91362,1
91364,1
91387,1
91406,2
91436,2
91501,1
91602,1
91604,1
91702,1
91709,3
91710,1
91711,4
91730,2
91740,1
91741,1
91744,2
91745,1
91746,1
91750,2
91752,2
91754,1
91761,2
91764,1
91765,1
91766,1
91770,1
91773,3
91775,1
91784,1
91789,1
91791,1
91801,2
91902,2
91911,1
91915,1
91935,1
91941,1
91950,1
91978,1
92003,1
92004,5
92008,2
92009,3
92014,1
92019,3
92024,1
92025,1
92026,5
92027,2
92028,3
92037,4
92040,2
92054,2
92056,2
92057,3
92064,2
92065,2
92067,1
92069,1
92071,1
92075,2
92078,2
92081,1
92082,2
92084,1
92086,2
92101,12
92102,1
92105,1
92108,1
92109,1
92110,1
92111,1
92118,1
92119,1
92121,1
92123,1
92124,1
92127,1
92128,5
92129,1
92130,2
92133,1
92135,1
92136,1
92145,1
92201,3
92203,3
92210,6
92211,11
92220,2
92223,3
92225,1
92227,1
92234,6
92239,1
92240,3
92241,2
92243,2
92250,1
92253,15
92260,15
92262,2
92264,7
92270,12
92274,1
92276,2
92277,2
92284,1
92307,1
92308,1
92311,2
92314,1
92316,1
92320,2
92324,1
92328,1
92336,1
92342,1
92345,1
92352,1
92363,1
92373,1
92377,1
92394,1
92395,2
92399,1
92404,1
92405,1
92408,2
92501,2
92503,1
92506,1
92507,1
92509,5
92518,1
92543,3
92544,1
92545,3
92553,1
92555,2
92562,2
92563,1
92583,2
92584,1
92586,2
92587,2
92590,1
92591,1
92592,3
92612,3
92618,2
92626,2
92627,1
92629,1
92630,1
92637,2
92648,1
92649,1
92651,1
92656,1
92657,1
92660,4
92672,2
92673,2
92675,2
92677,1
92679,3
92688,1
92691,1
92692,1
92703,1
92705,1
92706,1
92708,4
92782,1
92801,1
92802,1
92807,1
92821,2
92831,2
92832,1
92835,1
92860,1
92869,1
92870,1
92879,1
92882,1
92883,1
92886,2
93001,1
93003,1
93004,1
93010,3
93012,1
93015,1
93021,3
93023,2
93036,1
93042,1
93043,1
93063,1
93065,3
93066,2
93103,1
93105,1
93108,3
93110,2
93117,6
93203,1
93210,2
93215,1
93221,1
93225,1
93230,2
93245,1
93247,1
93257,2
93268,2
93271,2
93274,1
93277,2
93280,1
93286,1
93291,1
93292,1
93301,2
93306,3
93307,1
93308,4
93309,2
93311,1
93312,1
93401,1
93402,1
93405,3
93420,1
93422,3
93427,1
93429,1
93433,1
93436,3
93442,1
93444,1
93446,3
93455,3
93463,2
93501,1
93505,1
93514,2
93532,1
93535,1
93544,1
93545,1
93546,2
93550,1
93551,2
93555,1
93561,1
93562,1
93610,2
93614,1
93619,2
93623,1
93626,1
93630,1
93631,1
93637,1
93638,2
93644,1
93657,1
93662,1
93706,1
93711,2
93720,1
93722,1
93727,5
93905,2
93906,1
93908,1
93923,5
93930,1
93940,6
93943,1
93950,1
93953,6
93955,1
94010,2
94014,2
94015,1
94019,3
94024,1
94025,2
94030,1
94035,1
94043,1
94044,1
94062,3
94080,1
94085,1
94086,1
94102,2
94104,4
94105,7
94108,1
94111,3
94114,1
94115,2
94121,4
94122,11
94129,1
94132,4
94133,1
94134,2
94303,1
94304,3
94305,1
94401,1
94403,1
94404,1
94502,1
94503,1
94506,2
94507,1
94509,1
94510,1
94513,2
94514,1
94515,1
94517,1
94520,2
94523,1
94526,2
94528,1
94530,1
94531,1
94533,2
94534,3
94539,1
94541,1
94542,1
94544,1
94545,1
94546,1
94550,2
94551,2
94553,1
94556,1
94558,4
94559,1
94561,1
94563,2
94565,1
94566,3
94567,2
94571,1
94572,1
94574,1
94577,1
94579,1
94582,2
94583,1
94589,3
94591,1
94592,1
94595,1
94598,2
94599,1
94602,1
94605,2
94607,1
94612,2
94618,1
94621,1
94806,1
94901,1
94903,1
94923,1
94928,1
94930,1
94941,1
94945,1
94947,2
94949,1
94952,2
94954,2
94973,1
95003,1
95006,1
95013,1
95014,3
95020,3
95023,2
95032,1
95035,3
95037,1
95045,1
95046,1
95050,1
95054,1
95060,1
95065,1
95066,1
95076,3
95113,1
95116,1
95120,1
95121,2
95122,1
95127,1
95131,1
95135,1
95138,1
95139,1
95140,1
95141,1
95203,1
95204,1
95205,1
95206,2
95207,2
95209,1
95219,2
95220,1
95222,1
95223,3
95228,1
95230,1
95240,4
95247,1
95252,1
95258,1
95301,1
95304,1
95320,1
95321,1
95322,1
95324,1
95326,1
95329,1
95337,1
95340,1
95351,2
95356,1
95357,1
95361,2
95363,1
95366,2
95370,2
95374,1
95383,1
95401,1
95403,2
95404,1
95405,1
95409,1
95445,1
95448,2
95451,4
95462,1
95467,1
95472,1
95476,3
95482,1
95490,1
95492,1
95497,1
95503,1
95519,1
95521,1
95531,2
95540,1
95542,1
95573,1
95589,2
95602,4
95603,1
95605,2
95607,1
95608,1
95610,1
95614,1
95616,2
95618,1
95624,1
95626,1
95628,1
95630,1
95632,1
95640,1
95648,4
95650,1
95659,1
95660,1
95666,1
95667,3
95672,1
95677,1
95678,2
95682,1
95683,1
95687,2
95695,1
95709,1
95722,1
95742,1
95746,2
95747,2
95758,1
95762,2
95765,1
95815,1
95821,1
95822,2
95825,1
95826,1
95829,3
95832,1
95837,1
95841,1
95843,2
95901,4
95912,1
95928,3
95932,1
95934,1
95945,1
95946,1
95949,2
95963,1
95965,1
95966,1
95973,1
95982,1
95988,1
95991,1
96001,2
96002,5
96003,3
96020,1
96028,1
96050,1
96064,1
96067,1
96073,1
96080,3
96093,1
96094,2
96101,1
96103,6
96106,2
96130,1
96134,1
96137,1
96143,1
96145,2
96150,4
96161,7
96701,2
96706,6
96707,3
96712,1
96718,2
96720,3
96722,1
96731,3
96732,1
96734,3
96738,1
96740,6
96741,1
96742,1
96743,4
96744,3
96746,2
96753,4
96756,2
96761,3
96763,1
96766,3
96768,1
96779,1
96785,1
96786,2
96789,1
96792,2
96793,2
96795,3
96797,3
96813,7
96814,4
96815,7
96817,1
96818,2
96819,3
96821,1
96822,2
96825,2
96826,1
96844,1
96853,1
97002,1
97008,1
97009,2
97013,2
97015,1
97022,1
97023,1
97027,1
97030,1
97031,3
97034,3
97037,1
97041,1
97042,2
97045,1
97053,1
97058,4
97060,1
97062,2
97064,1
97067,2
97068,1
97070,2
97071,2
97080,1
97103,1
97106,1
97107,1
97113,1
97115,2
97116,2
97123,4
97124,3
97128,3
97131,1
97133,1
97138,2
97141,3
97146,1
97149,2
97201,2
97202,1
97205,4
97211,3
97213,1
97217,2
97218,1
97222,2
97224,4
97225,1
97227,1
97229,2
97230,1
97231,1
97239,1
97266,2
97301,3
97302,3
97303,3
97304,1
97306,1
97321,2
97330,1
97333,3
97338,2
97341,1
97355,2
97360,1
97361,1
97362,1
97365,4
97367,1
97385,1
97391,1
97394,1
97401,3
97402,6
97403,1
97404,1
97408,1
97411,2
97413,1
97415,1
97420,4
97424,2
97426,1
97439,2
97444,1
97448,1
97456,1
97459,1
97463,1
97467,1
97470,4
97478,3
97479,1
97496,1
97501,2
97502,2
97503,1
97504,3
97520,3
97523,1
97524,2
97526,4
97527,2
97531,1
97601,4
97603,1
97630,1
97638,1
97701,2
97702,7
97707,4
97738,1
97739,1
97741,2
97754,4
97756,3
97759,3
97760,1
97801,3
97812,1
97814,1
97818,2
97826,1
97828,1
97836,2
97845,1
97850,1
97862,1
97882,2
97914,2
98005,1
98007,1
98008,2
98011,1
98012,1
98014,2
98022,1
98023,1
98024,2
98028,1
98032,1
98036,1
98038,3
98039,1
98042,2
98043,3
98045,1
98052,2
98053,2
98056,1
98058,1
98059,1
98065,2
98070,2
98072,1
98074,1
98077,1
98092,3
98101,5
98103,2
98104,3
98108,1
98110,3
98112,1
98115,3
98119,1
98121,2
98122,2
98125,1
98126,1
98168,3
98177,1
98188,1
98201,1
98203,1
98204,1
98221,1
98223,1
98225,1
98226,3
98229,2
98230,4
98233,2
98236,1
98240,2
98244,1
98245,1
98248,2
98249,1
98250,3
98260,2
98261,1
98264,2
98266,1
98270,1
98271,3
98272,2
98274,2
98275,1
98277,2
98278,1
98282,1
98284,1
98290,3
98292,1
98296,2
98303,1
98310,1
98312,1
98327,1
98328,2
98332,1
98335,2
98336,1
98360,1
98361,1
98362,2
98365,1
98366,1
98367,7
98368,2
98372,1
98374,1
98377,1
98382,2
98387,1
98390,2
98405,1
98406,1
98407,1
98422,1
98444,2
98445,1
98466,1
98467,1
98498,4
98501,3
98502,1
98512,2
98513,1
98516,2
98520,2
98524,1
98531,1
98532,2
98537,1
98541,1
98548,1
98569,1
98577,1
98584,3
98592,1
98597,1
98606,2
98607,2
98610,1
98612,1
98620,1
98626,1
98631,1
98632,3
98640,1
98642,1
98648,2
98660,1
98662,3
98665,1
98671,1
98672,1
98674,1
98683,1
98685,1
98802,2
98813,1
98815,2
98816,1
98823,2
98826,3
98828,1
98831,1
98834,1
98837,3
98840,1
98843,1
98844,1
98848,3
98851,1
98857,1
98862,1
98901,2
98902,1
98903,1
98908,2
98922,1
98926,1
98942,1
98944,1
98948,1
99004,1
99006,1
99019,3
99026,1
99033,1
99036,1
99109,2
99111,1
99114,1
99123,1
99134,1
99159,1
99163,1
99166,1
99169,1
99171,1
99185,1
99205,1
99206,1
99208,1
99217,1
99218,2
99223,1
99224,3
99301,2
99328,1
99336,2
99337,1
99344,2
99347,1
99349,1
99352,2
99353,1
99354,1
99357,1
99362,2
99403,2
99501,3
99503,1
99507,2
99508,1
99516,1
99518,1
99559,1
99574,1
99576,1
99577,1
99603,2
99611,2
99615,2
99645,2
99654,2
99669,1
99676,1
99686,2
99701,3
99709,3
99712,1
99801,4
99827,1
99835,2
99840,1
99901,2
99929,1
